hostname,cpu_core_num,cpu_model_name,total_memory,uptime,ip_1,net_1,ip_2,net_2,ip_3,net_3,ip_4,net_4,ip_5,net_5,ip_6,net_6,errata_name,errata_patch_file,server_patch_file,patch_status
sao-ar-vas11,8,Intel(R) Xeon(R) CPU E5-2643 0 @ 3.30GHz,32841760kB,17:12:15 up 820 days,127.0.0.1,/8,192.168.112.16,/25,192.168.113.16,/25,192.168.100.80,/23,,,,,RHSA-2013:0165,java-1.7.0-openjdk-1.7.0.9-2.3.4.1.el6_3.x86_64,,NOT INSTALLED
sao-ar-vas11,8,Intel(R) Xeon(R) CPU E5-2643 0 @ 3.30GHz,32841760kB,17:12:15 up 820 days,127.0.0.1,/8,192.168.112.16,/25,192.168.113.16,/25,192.168.100.80,/23,,,,,RHSA-2013:0165,java-1.7.0-openjdk-debuginfo-1.7.0.9-2.3.4.1.el6_3.x86_64,,NOT INSTALLED
sao-ar-vas11,8,Intel(R) Xeon(R) CPU E5-2643 0 @ 3.30GHz,32841760kB,17:12:15 up 820 days,127.0.0.1,/8,192.168.112.16,/25,192.168.113.16,/25,192.168.100.80,/23,,,,,RHSA-2013:0165,java-1.7.0-openjdk-debuginfo-1.7.0.9-2.3.4.1.el6_3.x86_64,,NOT INSTALLED
sao-ar-vas11,8,Intel(R) Xeon(R) CPU E5-2643 0 @ 3.30GHz,32841760kB,17:12:16 up 820 days,127.0.0.1,/8,192.168.112.16,/25,192.168.113.16,/25,192.168.100.80,/23,,,,,RHSA-2013:0165,java-1.7.0-openjdk-demo-1.7.0.9-2.3.4.1.el6_3.x86_64,,NOT INSTALLED
sao-ar-vas11,8,Intel(R) Xeon(R) CPU E5-2643 0 @ 3.30GHz,32841760kB,17:12:16 up 820 days,127.0.0.1,/8,192.168.112.16,/25,192.168.113.16,/25,192.168.100.80,/23,,,,,RHSA-2013:0165,java-1.7.0-openjdk-devel-1.7.0.9-2.3.4.1.el6_3.x86_64,,NOT INSTALLED
sao-ar-vas11,8,Intel(R) Xeon(R) CPU E5-2643 0 @ 3.30GHz,32841760kB,17:12:16 up 820 days,127.0.0.1,/8,192.168.112.16,/25,192.168.113.16,/25,192.168.100.80,/23,,,,,RHSA-2013:0165,java-1.7.0-openjdk-javadoc-1.7.0.9-2.3.4.1.el6_3.noarch,,NOT INSTALLED
sao-ar-vas11,8,Intel(R) Xeon(R) CPU E5-2643 0 @ 3.30GHz,32841760kB,17:12:16 up 820 days,127.0.0.1,/8,192.168.112.16,/25,192.168.113.16,/25,192.168.100.80,/23,,,,,RHSA-2013:0165,java-1.7.0-openjdk-src-1.7.0.9-2.3.4.1.el6_3.x86_64,,NOT INSTALLED
sao-ar-vas11,8,Intel(R) Xeon(R) CPU E5-2643 0 @ 3.30GHz,32841760kB,17:12:16 up 820 days,127.0.0.1,/8,192.168.112.16,/25,192.168.113.16,/25,192.168.100.80,/23,,,,,RHSA-2013:0188,ipa-admintools-2.2.0-17.el6_3.1.x86_64,,NOT INSTALLED
sao-ar-vas11,8,Intel(R) Xeon(R) CPU E5-2643 0 @ 3.30GHz,32841760kB,17:12:16 up 820 days,127.0.0.1,/8,192.168.112.16,/25,192.168.113.16,/25,192.168.100.80,/23,,,,,RHSA-2013:0188,ipa-client-2.2.0-17.el6_3.1.x86_64,,NOT INSTALLED
sao-ar-vas11,8,Intel(R) Xeon(R) CPU E5-2643 0 @ 3.30GHz,32841760kB,17:12:16 up 820 days,127.0.0.1,/8,192.168.112.16,/25,192.168.113.16,/25,192.168.100.80,/23,,,,,RHSA-2013:0188,ipa-debuginfo-2.2.0-17.el6_3.1.x86_64,,NOT INSTALLED
sao-ar-vas11,8,Intel(R) Xeon(R) CPU E5-2643 0 @ 3.30GHz,32841760kB,17:12:16 up 820 days,127.0.0.1,/8,192.168.112.16,/25,192.168.113.16,/25,192.168.100.80,/23,,,,,RHSA-2013:0188,ipa-python-2.2.0-17.el6_3.1.x86_64,,NOT INSTALLED
sao-ar-vas11,8,Intel(R) Xeon(R) CPU E5-2643 0 @ 3.30GHz,32841760kB,17:12:16 up 820 days,127.0.0.1,/8,192.168.112.16,/25,192.168.113.16,/25,192.168.100.80,/23,,,,,RHSA-2013:0188,ipa-server-2.2.0-17.el6_3.1.x86_64,,NOT INSTALLED
sao-ar-vas11,8,Intel(R) Xeon(R) CPU E5-2643 0 @ 3.30GHz,32841760kB,17:12:16 up 820 days,127.0.0.1,/8,192.168.112.16,/25,192.168.113.16,/25,192.168.100.80,/23,,,,,RHSA-2013:0188,ipa-server-selinux-2.2.0-17.el6_3.1.x86_64,,NOT INSTALLED
sao-ar-vas11,8,Intel(R) Xeon(R) CPU E5-2643 0 @ 3.30GHz,32841760kB,17:12:17 up 820 days,127.0.0.1,/8,192.168.112.16,/25,192.168.113.16,/25,192.168.100.80,/23,,,,,RHSA-2013:0199,libvirt-0.9.10-21.el6_3.8.x86_64,,NOT INSTALLED
sao-ar-vas11,8,Intel(R) Xeon(R) CPU E5-2643 0 @ 3.30GHz,32841760kB,17:12:17 up 820 days,127.0.0.1,/8,192.168.112.16,/25,192.168.113.16,/25,192.168.100.80,/23,,,,,RHSA-2013:0199,libvirt-client-0.9.10-21.el6_3.8.i686,,NOT INSTALLED
sao-ar-vas11,8,Intel(R) Xeon(R) CPU E5-2643 0 @ 3.30GHz,32841760kB,17:12:17 up 820 days,127.0.0.1,/8,192.168.112.16,/25,192.168.113.16,/25,192.168.100.80,/23,,,,,RHSA-2013:0199,libvirt-client-0.9.10-21.el6_3.8.x86_64,,NOT INSTALLED
sao-ar-vas11,8,Intel(R) Xeon(R) CPU E5-2643 0 @ 3.30GHz,32841760kB,17:12:17 up 820 days,127.0.0.1,/8,192.168.112.16,/25,192.168.113.16,/25,192.168.100.80,/23,,,,,RHSA-2013:0199,libvirt-debuginfo-0.9.10-21.el6_3.8.i686,,NOT INSTALLED
sao-ar-vas11,8,Intel(R) Xeon(R) CPU E5-2643 0 @ 3.30GHz,32841760kB,17:12:17 up 820 days,127.0.0.1,/8,192.168.112.16,/25,192.168.113.16,/25,192.168.100.80,/23,,,,,RHSA-2013:0199,libvirt-debuginfo-0.9.10-21.el6_3.8.x86_64,,NOT INSTALLED
sao-ar-vas11,8,Intel(R) Xeon(R) CPU E5-2643 0 @ 3.30GHz,32841760kB,17:12:17 up 820 days,127.0.0.1,/8,192.168.112.16,/25,192.168.113.16,/25,192.168.100.80,/23,,,,,RHSA-2013:0199,libvirt-debuginfo-0.9.10-21.el6_3.8.x86_64,,NOT INSTALLED
sao-ar-vas11,8,Intel(R) Xeon(R) CPU E5-2643 0 @ 3.30GHz,32841760kB,17:12:17 up 820 days,127.0.0.1,/8,192.168.112.16,/25,192.168.113.16,/25,192.168.100.80,/23,,,,,RHSA-2013:0199,libvirt-devel-0.9.10-21.el6_3.8.i686,,NOT INSTALLED
sao-ar-vas11,8,Intel(R) Xeon(R) CPU E5-2643 0 @ 3.30GHz,32841760kB,17:12:17 up 820 days,127.0.0.1,/8,192.168.112.16,/25,192.168.113.16,/25,192.168.100.80,/23,,,,,RHSA-2013:0199,libvirt-devel-0.9.10-21.el6_3.8.x86_64,,NOT INSTALLED
sao-ar-vas11,8,Intel(R) Xeon(R) CPU E5-2643 0 @ 3.30GHz,32841760kB,17:12:17 up 820 days,127.0.0.1,/8,192.168.112.16,/25,192.168.113.16,/25,192.168.100.80,/23,,,,,RHSA-2013:0199,libvirt-lock-sanlock-0.9.10-21.el6_3.8.x86_64,,NOT INSTALLED
sao-ar-vas11,8,Intel(R) Xeon(R) CPU E5-2643 0 @ 3.30GHz,32841760kB,17:12:17 up 820 days,127.0.0.1,/8,192.168.112.16,/25,192.168.113.16,/25,192.168.100.80,/23,,,,,RHSA-2013:0199,libvirt-python-0.9.10-21.el6_3.8.x86_64,,NOT INSTALLED
sao-ar-vas11,8,Intel(R) Xeon(R) CPU E5-2643 0 @ 3.30GHz,32841760kB,17:12:18 up 820 days,127.0.0.1,/8,192.168.112.16,/25,192.168.113.16,/25,192.168.100.80,/23,,,,,RHSA-2013:0213,nspr-4.9.2-0.el6_3.1.i686,,NOT INSTALLED
sao-ar-vas11,8,Intel(R) Xeon(R) CPU E5-2643 0 @ 3.30GHz,32841760kB,17:12:18 up 820 days,127.0.0.1,/8,192.168.112.16,/25,192.168.113.16,/25,192.168.100.80,/23,,,,,RHSA-2013:0213,nspr-4.9.2-0.el6_3.1.x86_64,nspr-4.9-1.el6.x86_64,TO BE PATCHED
sao-ar-vas11,8,Intel(R) Xeon(R) CPU E5-2643 0 @ 3.30GHz,32841760kB,17:12:18 up 820 days,127.0.0.1,/8,192.168.112.16,/25,192.168.113.16,/25,192.168.100.80,/23,,,,,RHSA-2013:0213,nspr-debuginfo-4.9.2-0.el6_3.1.i686,,NOT INSTALLED
sao-ar-vas11,8,Intel(R) Xeon(R) CPU E5-2643 0 @ 3.30GHz,32841760kB,17:12:18 up 820 days,127.0.0.1,/8,192.168.112.16,/25,192.168.113.16,/25,192.168.100.80,/23,,,,,RHSA-2013:0213,nspr-debuginfo-4.9.2-0.el6_3.1.x86_64,,NOT INSTALLED
sao-ar-vas11,8,Intel(R) Xeon(R) CPU E5-2643 0 @ 3.30GHz,32841760kB,17:12:18 up 820 days,127.0.0.1,/8,192.168.112.16,/25,192.168.113.16,/25,192.168.100.80,/23,,,,,RHSA-2013:0213,nspr-devel-4.9.2-0.el6_3.1.i686,,NOT INSTALLED
sao-ar-vas11,8,Intel(R) Xeon(R) CPU E5-2643 0 @ 3.30GHz,32841760kB,17:12:18 up 820 days,127.0.0.1,/8,192.168.112.16,/25,192.168.113.16,/25,192.168.100.80,/23,,,,,RHSA-2013:0213,nspr-devel-4.9.2-0.el6_3.1.x86_64,,NOT INSTALLED
sao-ar-vas11,8,Intel(R) Xeon(R) CPU E5-2643 0 @ 3.30GHz,32841760kB,17:12:18 up 820 days,127.0.0.1,/8,192.168.112.16,/25,192.168.113.16,/25,192.168.100.80,/23,,,,,RHSA-2013:0213,nss-3.13.6-2.el6_3.i686,,NOT INSTALLED
sao-ar-vas11,8,Intel(R) Xeon(R) CPU E5-2643 0 @ 3.30GHz,32841760kB,17:12:18 up 820 days,127.0.0.1,/8,192.168.112.16,/25,192.168.113.16,/25,192.168.100.80,/23,,,,,RHSA-2013:0213,nss-3.13.6-2.el6_3.x86_64,nss-3.13.3-6.el6.x86_64,TO BE PATCHED
sao-ar-vas11,8,Intel(R) Xeon(R) CPU E5-2643 0 @ 3.30GHz,32841760kB,17:12:19 up 820 days,127.0.0.1,/8,192.168.112.16,/25,192.168.113.16,/25,192.168.100.80,/23,,,,,RHSA-2013:0213,nss-debuginfo-3.13.6-2.el6_3.i686,,NOT INSTALLED
sao-ar-vas11,8,Intel(R) Xeon(R) CPU E5-2643 0 @ 3.30GHz,32841760kB,17:12:19 up 820 days,127.0.0.1,/8,192.168.112.16,/25,192.168.113.16,/25,192.168.100.80,/23,,,,,RHSA-2013:0213,nss-debuginfo-3.13.6-2.el6_3.i686,,NOT INSTALLED
sao-ar-vas11,8,Intel(R) Xeon(R) CPU E5-2643 0 @ 3.30GHz,32841760kB,17:12:19 up 820 days,127.0.0.1,/8,192.168.112.16,/25,192.168.113.16,/25,192.168.100.80,/23,,,,,RHSA-2013:0213,nss-debuginfo-3.13.6-2.el6_3.x86_64,,NOT INSTALLED
sao-ar-vas11,8,Intel(R) Xeon(R) CPU E5-2643 0 @ 3.30GHz,32841760kB,17:12:19 up 820 days,127.0.0.1,/8,192.168.112.16,/25,192.168.113.16,/25,192.168.100.80,/23,,,,,RHSA-2013:0213,nss-debuginfo-3.13.6-2.el6_3.x86_64,,NOT INSTALLED
sao-ar-vas11,8,Intel(R) Xeon(R) CPU E5-2643 0 @ 3.30GHz,32841760kB,17:12:19 up 820 days,127.0.0.1,/8,192.168.112.16,/25,192.168.113.16,/25,192.168.100.80,/23,,,,,RHSA-2013:0213,nss-devel-3.13.6-2.el6_3.i686,,NOT INSTALLED
sao-ar-vas11,8,Intel(R) Xeon(R) CPU E5-2643 0 @ 3.30GHz,32841760kB,17:12:19 up 820 days,127.0.0.1,/8,192.168.112.16,/25,192.168.113.16,/25,192.168.100.80,/23,,,,,RHSA-2013:0213,nss-devel-3.13.6-2.el6_3.x86_64,,NOT INSTALLED
sao-ar-vas11,8,Intel(R) Xeon(R) CPU E5-2643 0 @ 3.30GHz,32841760kB,17:12:19 up 820 days,127.0.0.1,/8,192.168.112.16,/25,192.168.113.16,/25,192.168.100.80,/23,,,,,RHSA-2013:0213,nss-pkcs11-devel-3.13.6-2.el6_3.i686,,NOT INSTALLED
sao-ar-vas11,8,Intel(R) Xeon(R) CPU E5-2643 0 @ 3.30GHz,32841760kB,17:12:19 up 820 days,127.0.0.1,/8,192.168.112.16,/25,192.168.113.16,/25,192.168.100.80,/23,,,,,RHSA-2013:0213,nss-pkcs11-devel-3.13.6-2.el6_3.x86_64,,NOT INSTALLED
sao-ar-vas11,8,Intel(R) Xeon(R) CPU E5-2643 0 @ 3.30GHz,32841760kB,17:12:19 up 820 days,127.0.0.1,/8,192.168.112.16,/25,192.168.113.16,/25,192.168.100.80,/23,,,,,RHSA-2013:0213,nss-sysinit-3.13.6-2.el6_3.x86_64,nss-sysinit-3.13.3-6.el6.x86_64,TO BE PATCHED
sao-ar-vas11,8,Intel(R) Xeon(R) CPU E5-2643 0 @ 3.30GHz,32841760kB,17:12:20 up 820 days,127.0.0.1,/8,192.168.112.16,/25,192.168.113.16,/25,192.168.100.80,/23,,,,,RHSA-2013:0213,nss-tools-3.13.6-2.el6_3.x86_64,nss-tools-3.13.3-6.el6.x86_64,TO BE PATCHED
sao-ar-vas11,8,Intel(R) Xeon(R) CPU E5-2643 0 @ 3.30GHz,32841760kB,17:12:20 up 820 days,127.0.0.1,/8,192.168.112.16,/25,192.168.113.16,/25,192.168.100.80,/23,,,,,RHSA-2013:0213,nss-util-3.13.6-1.el6_3.i686,,NOT INSTALLED
sao-ar-vas11,8,Intel(R) Xeon(R) CPU E5-2643 0 @ 3.30GHz,32841760kB,17:12:20 up 820 days,127.0.0.1,/8,192.168.112.16,/25,192.168.113.16,/25,192.168.100.80,/23,,,,,RHSA-2013:0213,nss-util-3.13.6-1.el6_3.x86_64,nss-util-3.13.3-2.el6.x86_64,TO BE PATCHED
sao-ar-vas11,8,Intel(R) Xeon(R) CPU E5-2643 0 @ 3.30GHz,32841760kB,17:12:20 up 820 days,127.0.0.1,/8,192.168.112.16,/25,192.168.113.16,/25,192.168.100.80,/23,,,,,RHSA-2013:0213,nss-util-debuginfo-3.13.6-1.el6_3.i686,,NOT INSTALLED
sao-ar-vas11,8,Intel(R) Xeon(R) CPU E5-2643 0 @ 3.30GHz,32841760kB,17:12:20 up 820 days,127.0.0.1,/8,192.168.112.16,/25,192.168.113.16,/25,192.168.100.80,/23,,,,,RHSA-2013:0213,nss-util-debuginfo-3.13.6-1.el6_3.x86_64,,NOT INSTALLED
sao-ar-vas11,8,Intel(R) Xeon(R) CPU E5-2643 0 @ 3.30GHz,32841760kB,17:12:20 up 820 days,127.0.0.1,/8,192.168.112.16,/25,192.168.113.16,/25,192.168.100.80,/23,,,,,RHSA-2013:0213,nss-util-devel-3.13.6-1.el6_3.i686,,NOT INSTALLED
sao-ar-vas11,8,Intel(R) Xeon(R) CPU E5-2643 0 @ 3.30GHz,32841760kB,17:12:20 up 820 days,127.0.0.1,/8,192.168.112.16,/25,192.168.113.16,/25,192.168.100.80,/23,,,,,RHSA-2013:0213,nss-util-devel-3.13.6-1.el6_3.x86_64,,NOT INSTALLED
sao-ar-vas11,8,Intel(R) Xeon(R) CPU E5-2643 0 @ 3.30GHz,32841760kB,17:12:20 up 820 days,127.0.0.1,/8,192.168.112.16,/25,192.168.113.16,/25,192.168.100.80,/23,,,,,RHSA-2013:0217,mingw32-libxml2-2.7.6-6.el6_3.noarch,,NOT INSTALLED
sao-ar-vas11,8,Intel(R) Xeon(R) CPU E5-2643 0 @ 3.30GHz,32841760kB,17:12:20 up 820 days,127.0.0.1,/8,192.168.112.16,/25,192.168.113.16,/25,192.168.100.80,/23,,,,,RHSA-2013:0217,mingw32-libxml2-debuginfo-2.7.6-6.el6_3.noarch,,NOT INSTALLED
sao-ar-vas11,8,Intel(R) Xeon(R) CPU E5-2643 0 @ 3.30GHz,32841760kB,17:12:21 up 820 days,127.0.0.1,/8,192.168.112.16,/25,192.168.113.16,/25,192.168.100.80,/23,,,,,RHSA-2013:0217,mingw32-libxml2-static-2.7.6-6.el6_3.noarch,,NOT INSTALLED
sao-ar-vas11,8,Intel(R) Xeon(R) CPU E5-2643 0 @ 3.30GHz,32841760kB,17:12:21 up 820 days,127.0.0.1,/8,192.168.112.16,/25,192.168.113.16,/25,192.168.100.80,/23,,,,,RHSA-2013:0216,freetype-2.3.11-14.el6_3.1.i686,freetype-2.3.11-6.el6_2.9.i686,TO BE PATCHED
sao-ar-vas11,8,Intel(R) Xeon(R) CPU E5-2643 0 @ 3.30GHz,32841760kB,17:12:21 up 820 days,127.0.0.1,/8,192.168.112.16,/25,192.168.113.16,/25,192.168.100.80,/23,,,,,RHSA-2013:0216,freetype-2.3.11-14.el6_3.1.x86_64,,NOT INSTALLED
sao-ar-vas11,8,Intel(R) Xeon(R) CPU E5-2643 0 @ 3.30GHz,32841760kB,17:12:21 up 820 days,127.0.0.1,/8,192.168.112.16,/25,192.168.113.16,/25,192.168.100.80,/23,,,,,RHSA-2013:0216,freetype-debuginfo-2.3.11-14.el6_3.1.i686,,NOT INSTALLED
sao-ar-vas11,8,Intel(R) Xeon(R) CPU E5-2643 0 @ 3.30GHz,32841760kB,17:12:21 up 820 days,127.0.0.1,/8,192.168.112.16,/25,192.168.113.16,/25,192.168.100.80,/23,,,,,RHSA-2013:0216,freetype-debuginfo-2.3.11-14.el6_3.1.x86_64,,NOT INSTALLED
sao-ar-vas11,8,Intel(R) Xeon(R) CPU E5-2643 0 @ 3.30GHz,32841760kB,17:12:21 up 820 days,127.0.0.1,/8,192.168.112.16,/25,192.168.113.16,/25,192.168.100.80,/23,,,,,RHSA-2013:0216,freetype-debuginfo-2.3.11-14.el6_3.1.x86_64,,NOT INSTALLED
sao-ar-vas11,8,Intel(R) Xeon(R) CPU E5-2643 0 @ 3.30GHz,32841760kB,17:12:21 up 820 days,127.0.0.1,/8,192.168.112.16,/25,192.168.113.16,/25,192.168.100.80,/23,,,,,RHSA-2013:0216,freetype-demos-2.3.11-14.el6_3.1.x86_64,,NOT INSTALLED
sao-ar-vas11,8,Intel(R) Xeon(R) CPU E5-2643 0 @ 3.30GHz,32841760kB,17:12:21 up 820 days,127.0.0.1,/8,192.168.112.16,/25,192.168.113.16,/25,192.168.100.80,/23,,,,,RHSA-2013:0216,freetype-devel-2.3.11-14.el6_3.1.i686,,NOT INSTALLED
sao-ar-vas11,8,Intel(R) Xeon(R) CPU E5-2643 0 @ 3.30GHz,32841760kB,17:12:21 up 820 days,127.0.0.1,/8,192.168.112.16,/25,192.168.113.16,/25,192.168.100.80,/23,,,,,RHSA-2013:0216,freetype-devel-2.3.11-14.el6_3.1.x86_64,,NOT INSTALLED
sao-ar-vas11,8,Intel(R) Xeon(R) CPU E5-2643 0 @ 3.30GHz,32841760kB,17:12:22 up 820 days,127.0.0.1,/8,192.168.112.16,/25,192.168.113.16,/25,192.168.100.80,/23,,,,,RHSA-2013:0215,abrt-2.0.8-6.el6_3.2.x86_64,,NOT INSTALLED
sao-ar-vas11,8,Intel(R) Xeon(R) CPU E5-2643 0 @ 3.30GHz,32841760kB,17:12:22 up 820 days,127.0.0.1,/8,192.168.112.16,/25,192.168.113.16,/25,192.168.100.80,/23,,,,,RHSA-2013:0215,abrt-addon-ccpp-2.0.8-6.el6_3.2.x86_64,,NOT INSTALLED
sao-ar-vas11,8,Intel(R) Xeon(R) CPU E5-2643 0 @ 3.30GHz,32841760kB,17:12:22 up 820 days,127.0.0.1,/8,192.168.112.16,/25,192.168.113.16,/25,192.168.100.80,/23,,,,,RHSA-2013:0215,abrt-addon-kerneloops-2.0.8-6.el6_3.2.x86_64,,NOT INSTALLED
sao-ar-vas11,8,Intel(R) Xeon(R) CPU E5-2643 0 @ 3.30GHz,32841760kB,17:12:22 up 820 days,127.0.0.1,/8,192.168.112.16,/25,192.168.113.16,/25,192.168.100.80,/23,,,,,RHSA-2013:0215,abrt-addon-python-2.0.8-6.el6_3.2.x86_64,,NOT INSTALLED
sao-ar-vas11,8,Intel(R) Xeon(R) CPU E5-2643 0 @ 3.30GHz,32841760kB,17:12:22 up 820 days,127.0.0.1,/8,192.168.112.16,/25,192.168.113.16,/25,192.168.100.80,/23,,,,,RHSA-2013:0215,abrt-addon-vmcore-2.0.8-6.el6_3.2.x86_64,,NOT INSTALLED
sao-ar-vas11,8,Intel(R) Xeon(R) CPU E5-2643 0 @ 3.30GHz,32841760kB,17:12:22 up 820 days,127.0.0.1,/8,192.168.112.16,/25,192.168.113.16,/25,192.168.100.80,/23,,,,,RHSA-2013:0215,abrt-cli-2.0.8-6.el6_3.2.x86_64,,NOT INSTALLED
sao-ar-vas11,8,Intel(R) Xeon(R) CPU E5-2643 0 @ 3.30GHz,32841760kB,17:12:22 up 820 days,127.0.0.1,/8,192.168.112.16,/25,192.168.113.16,/25,192.168.100.80,/23,,,,,RHSA-2013:0215,abrt-debuginfo-2.0.8-6.el6_3.2.i686,,NOT INSTALLED
sao-ar-vas11,8,Intel(R) Xeon(R) CPU E5-2643 0 @ 3.30GHz,32841760kB,17:12:22 up 820 days,127.0.0.1,/8,192.168.112.16,/25,192.168.113.16,/25,192.168.100.80,/23,,,,,RHSA-2013:0215,abrt-debuginfo-2.0.8-6.el6_3.2.i686,,NOT INSTALLED
sao-ar-vas11,8,Intel(R) Xeon(R) CPU E5-2643 0 @ 3.30GHz,32841760kB,17:12:22 up 820 days,127.0.0.1,/8,192.168.112.16,/25,192.168.113.16,/25,192.168.100.80,/23,,,,,RHSA-2013:0215,abrt-debuginfo-2.0.8-6.el6_3.2.x86_64,,NOT INSTALLED
sao-ar-vas11,8,Intel(R) Xeon(R) CPU E5-2643 0 @ 3.30GHz,32841760kB,17:12:22 up 820 days,127.0.0.1,/8,192.168.112.16,/25,192.168.113.16,/25,192.168.100.80,/23,,,,,RHSA-2013:0215,abrt-debuginfo-2.0.8-6.el6_3.2.x86_64,,NOT INSTALLED
sao-ar-vas11,8,Intel(R) Xeon(R) CPU E5-2643 0 @ 3.30GHz,32841760kB,17:12:23 up 820 days,127.0.0.1,/8,192.168.112.16,/25,192.168.113.16,/25,192.168.100.80,/23,,,,,RHSA-2013:0215,abrt-desktop-2.0.8-6.el6_3.2.x86_64,,NOT INSTALLED
sao-ar-vas11,8,Intel(R) Xeon(R) CPU E5-2643 0 @ 3.30GHz,32841760kB,17:12:23 up 820 days,127.0.0.1,/8,192.168.112.16,/25,192.168.113.16,/25,192.168.100.80,/23,,,,,RHSA-2013:0215,abrt-devel-2.0.8-6.el6_3.2.i686,,NOT INSTALLED
sao-ar-vas11,8,Intel(R) Xeon(R) CPU E5-2643 0 @ 3.30GHz,32841760kB,17:12:23 up 820 days,127.0.0.1,/8,192.168.112.16,/25,192.168.113.16,/25,192.168.100.80,/23,,,,,RHSA-2013:0215,abrt-devel-2.0.8-6.el6_3.2.x86_64,,NOT INSTALLED
sao-ar-vas11,8,Intel(R) Xeon(R) CPU E5-2643 0 @ 3.30GHz,32841760kB,17:12:23 up 820 days,127.0.0.1,/8,192.168.112.16,/25,192.168.113.16,/25,192.168.100.80,/23,,,,,RHSA-2013:0215,abrt-gui-2.0.8-6.el6_3.2.x86_64,,NOT INSTALLED
sao-ar-vas11,8,Intel(R) Xeon(R) CPU E5-2643 0 @ 3.30GHz,32841760kB,17:12:23 up 820 days,127.0.0.1,/8,192.168.112.16,/25,192.168.113.16,/25,192.168.100.80,/23,,,,,RHSA-2013:0215,abrt-libs-2.0.8-6.el6_3.2.i686,,NOT INSTALLED
sao-ar-vas11,8,Intel(R) Xeon(R) CPU E5-2643 0 @ 3.30GHz,32841760kB,17:12:23 up 820 days,127.0.0.1,/8,192.168.112.16,/25,192.168.113.16,/25,192.168.100.80,/23,,,,,RHSA-2013:0215,abrt-libs-2.0.8-6.el6_3.2.x86_64,,NOT INSTALLED
sao-ar-vas11,8,Intel(R) Xeon(R) CPU E5-2643 0 @ 3.30GHz,32841760kB,17:12:23 up 820 days,127.0.0.1,/8,192.168.112.16,/25,192.168.113.16,/25,192.168.100.80,/23,,,,,RHSA-2013:0215,abrt-tui-2.0.8-6.el6_3.2.x86_64,,NOT INSTALLED
sao-ar-vas11,8,Intel(R) Xeon(R) CPU E5-2643 0 @ 3.30GHz,32841760kB,17:12:23 up 820 days,127.0.0.1,/8,192.168.112.16,/25,192.168.113.16,/25,192.168.100.80,/23,,,,,RHSA-2013:0215,libreport-2.0.9-5.el6_3.2.i686,,NOT INSTALLED
sao-ar-vas11,8,Intel(R) Xeon(R) CPU E5-2643 0 @ 3.30GHz,32841760kB,17:12:23 up 820 days,127.0.0.1,/8,192.168.112.16,/25,192.168.113.16,/25,192.168.100.80,/23,,,,,RHSA-2013:0215,libreport-2.0.9-5.el6_3.2.x86_64,,NOT INSTALLED
sao-ar-vas11,8,Intel(R) Xeon(R) CPU E5-2643 0 @ 3.30GHz,32841760kB,17:12:23 up 820 days,127.0.0.1,/8,192.168.112.16,/25,192.168.113.16,/25,192.168.100.80,/23,,,,,RHSA-2013:0215,libreport-cli-2.0.9-5.el6_3.2.x86_64,,NOT INSTALLED
sao-ar-vas11,8,Intel(R) Xeon(R) CPU E5-2643 0 @ 3.30GHz,32841760kB,17:12:24 up 820 days,127.0.0.1,/8,192.168.112.16,/25,192.168.113.16,/25,192.168.100.80,/23,,,,,RHSA-2013:0215,libreport-debuginfo-2.0.9-5.el6_3.2.i686,,NOT INSTALLED
sao-ar-vas11,8,Intel(R) Xeon(R) CPU E5-2643 0 @ 3.30GHz,32841760kB,17:12:24 up 820 days,127.0.0.1,/8,192.168.112.16,/25,192.168.113.16,/25,192.168.100.80,/23,,,,,RHSA-2013:0215,libreport-debuginfo-2.0.9-5.el6_3.2.i686,,NOT INSTALLED
sao-ar-vas11,8,Intel(R) Xeon(R) CPU E5-2643 0 @ 3.30GHz,32841760kB,17:12:24 up 820 days,127.0.0.1,/8,192.168.112.16,/25,192.168.113.16,/25,192.168.100.80,/23,,,,,RHSA-2013:0215,libreport-debuginfo-2.0.9-5.el6_3.2.x86_64,,NOT INSTALLED
sao-ar-vas11,8,Intel(R) Xeon(R) CPU E5-2643 0 @ 3.30GHz,32841760kB,17:12:24 up 820 days,127.0.0.1,/8,192.168.112.16,/25,192.168.113.16,/25,192.168.100.80,/23,,,,,RHSA-2013:0215,libreport-debuginfo-2.0.9-5.el6_3.2.x86_64,,NOT INSTALLED
sao-ar-vas11,8,Intel(R) Xeon(R) CPU E5-2643 0 @ 3.30GHz,32841760kB,17:12:24 up 820 days,127.0.0.1,/8,192.168.112.16,/25,192.168.113.16,/25,192.168.100.80,/23,,,,,RHSA-2013:0215,libreport-devel-2.0.9-5.el6_3.2.i686,,NOT INSTALLED
sao-ar-vas11,8,Intel(R) Xeon(R) CPU E5-2643 0 @ 3.30GHz,32841760kB,17:12:24 up 820 days,127.0.0.1,/8,192.168.112.16,/25,192.168.113.16,/25,192.168.100.80,/23,,,,,RHSA-2013:0215,libreport-devel-2.0.9-5.el6_3.2.x86_64,,NOT INSTALLED
sao-ar-vas11,8,Intel(R) Xeon(R) CPU E5-2643 0 @ 3.30GHz,32841760kB,17:12:24 up 820 days,127.0.0.1,/8,192.168.112.16,/25,192.168.113.16,/25,192.168.100.80,/23,,,,,RHSA-2013:0215,libreport-gtk-2.0.9-5.el6_3.2.i686,,NOT INSTALLED
sao-ar-vas11,8,Intel(R) Xeon(R) CPU E5-2643 0 @ 3.30GHz,32841760kB,17:12:24 up 820 days,127.0.0.1,/8,192.168.112.16,/25,192.168.113.16,/25,192.168.100.80,/23,,,,,RHSA-2013:0215,libreport-gtk-2.0.9-5.el6_3.2.x86_64,,NOT INSTALLED
sao-ar-vas11,8,Intel(R) Xeon(R) CPU E5-2643 0 @ 3.30GHz,32841760kB,17:12:24 up 820 days,127.0.0.1,/8,192.168.112.16,/25,192.168.113.16,/25,192.168.100.80,/23,,,,,RHSA-2013:0215,libreport-gtk-devel-2.0.9-5.el6_3.2.i686,,NOT INSTALLED
sao-ar-vas11,8,Intel(R) Xeon(R) CPU E5-2643 0 @ 3.30GHz,32841760kB,17:12:24 up 820 days,127.0.0.1,/8,192.168.112.16,/25,192.168.113.16,/25,192.168.100.80,/23,,,,,RHSA-2013:0215,libreport-gtk-devel-2.0.9-5.el6_3.2.x86_64,,NOT INSTALLED
sao-ar-vas11,8,Intel(R) Xeon(R) CPU E5-2643 0 @ 3.30GHz,32841760kB,17:12:25 up 820 days,127.0.0.1,/8,192.168.112.16,/25,192.168.113.16,/25,192.168.100.80,/23,,,,,RHSA-2013:0215,libreport-newt-2.0.9-5.el6_3.2.x86_64,,NOT INSTALLED
sao-ar-vas11,8,Intel(R) Xeon(R) CPU E5-2643 0 @ 3.30GHz,32841760kB,17:12:25 up 820 days,127.0.0.1,/8,192.168.112.16,/25,192.168.113.16,/25,192.168.100.80,/23,,,,,RHSA-2013:0215,libreport-plugin-bugzilla-2.0.9-5.el6_3.2.x86_64,,NOT INSTALLED
sao-ar-vas11,8,Intel(R) Xeon(R) CPU E5-2643 0 @ 3.30GHz,32841760kB,17:12:25 up 820 days,127.0.0.1,/8,192.168.112.16,/25,192.168.113.16,/25,192.168.100.80,/23,,,,,RHSA-2013:0215,libreport-plugin-kerneloops-2.0.9-5.el6_3.2.x86_64,,NOT INSTALLED
sao-ar-vas11,8,Intel(R) Xeon(R) CPU E5-2643 0 @ 3.30GHz,32841760kB,17:12:25 up 820 days,127.0.0.1,/8,192.168.112.16,/25,192.168.113.16,/25,192.168.100.80,/23,,,,,RHSA-2013:0215,libreport-plugin-logger-2.0.9-5.el6_3.2.x86_64,,NOT INSTALLED
sao-ar-vas11,8,Intel(R) Xeon(R) CPU E5-2643 0 @ 3.30GHz,32841760kB,17:12:25 up 820 days,127.0.0.1,/8,192.168.112.16,/25,192.168.113.16,/25,192.168.100.80,/23,,,,,RHSA-2013:0215,libreport-plugin-mailx-2.0.9-5.el6_3.2.x86_64,,NOT INSTALLED
sao-ar-vas11,8,Intel(R) Xeon(R) CPU E5-2643 0 @ 3.30GHz,32841760kB,17:12:25 up 820 days,127.0.0.1,/8,192.168.112.16,/25,192.168.113.16,/25,192.168.100.80,/23,,,,,RHSA-2013:0215,libreport-plugin-reportuploader-2.0.9-5.el6_3.2.x86_64,,NOT INSTALLED
sao-ar-vas11,8,Intel(R) Xeon(R) CPU E5-2643 0 @ 3.30GHz,32841760kB,17:12:25 up 820 days,127.0.0.1,/8,192.168.112.16,/25,192.168.113.16,/25,192.168.100.80,/23,,,,,RHSA-2013:0215,libreport-plugin-rhtsupport-2.0.9-5.el6_3.2.x86_64,,NOT INSTALLED
sao-ar-vas11,8,Intel(R) Xeon(R) CPU E5-2643 0 @ 3.30GHz,32841760kB,17:12:25 up 820 days,127.0.0.1,/8,192.168.112.16,/25,192.168.113.16,/25,192.168.100.80,/23,,,,,RHSA-2013:0215,libreport-python-2.0.9-5.el6_3.2.x86_64,,NOT INSTALLED
sao-ar-vas11,8,Intel(R) Xeon(R) CPU E5-2643 0 @ 3.30GHz,32841760kB,17:12:25 up 820 days,127.0.0.1,/8,192.168.112.16,/25,192.168.113.16,/25,192.168.100.80,/23,,,,,RHSA-2013:0247,java-1.7.0-openjdk-1.7.0.9-2.3.5.3.el6_3.x86_64,,NOT INSTALLED
sao-ar-vas11,8,Intel(R) Xeon(R) CPU E5-2643 0 @ 3.30GHz,32841760kB,17:12:25 up 820 days,127.0.0.1,/8,192.168.112.16,/25,192.168.113.16,/25,192.168.100.80,/23,,,,,RHSA-2013:0247,java-1.7.0-openjdk-debuginfo-1.7.0.9-2.3.5.3.el6_3.x86_64,,NOT INSTALLED
sao-ar-vas11,8,Intel(R) Xeon(R) CPU E5-2643 0 @ 3.30GHz,32841760kB,17:12:26 up 820 days,127.0.0.1,/8,192.168.112.16,/25,192.168.113.16,/25,192.168.100.80,/23,,,,,RHSA-2013:0247,java-1.7.0-openjdk-debuginfo-1.7.0.9-2.3.5.3.el6_3.x86_64,,NOT INSTALLED
sao-ar-vas11,8,Intel(R) Xeon(R) CPU E5-2643 0 @ 3.30GHz,32841760kB,17:12:26 up 820 days,127.0.0.1,/8,192.168.112.16,/25,192.168.113.16,/25,192.168.100.80,/23,,,,,RHSA-2013:0247,java-1.7.0-openjdk-demo-1.7.0.9-2.3.5.3.el6_3.x86_64,,NOT INSTALLED
sao-ar-vas11,8,Intel(R) Xeon(R) CPU E5-2643 0 @ 3.30GHz,32841760kB,17:12:26 up 820 days,127.0.0.1,/8,192.168.112.16,/25,192.168.113.16,/25,192.168.100.80,/23,,,,,RHSA-2013:0247,java-1.7.0-openjdk-devel-1.7.0.9-2.3.5.3.el6_3.x86_64,,NOT INSTALLED
sao-ar-vas11,8,Intel(R) Xeon(R) CPU E5-2643 0 @ 3.30GHz,32841760kB,17:12:26 up 820 days,127.0.0.1,/8,192.168.112.16,/25,192.168.113.16,/25,192.168.100.80,/23,,,,,RHSA-2013:0247,java-1.7.0-openjdk-javadoc-1.7.0.9-2.3.5.3.el6_3.noarch,,NOT INSTALLED
sao-ar-vas11,8,Intel(R) Xeon(R) CPU E5-2643 0 @ 3.30GHz,32841760kB,17:12:26 up 820 days,127.0.0.1,/8,192.168.112.16,/25,192.168.113.16,/25,192.168.100.80,/23,,,,,RHSA-2013:0247,java-1.7.0-openjdk-src-1.7.0.9-2.3.5.3.el6_3.x86_64,,NOT INSTALLED
sao-ar-vas11,8,Intel(R) Xeon(R) CPU E5-2643 0 @ 3.30GHz,32841760kB,17:12:26 up 820 days,127.0.0.1,/8,192.168.112.16,/25,192.168.113.16,/25,192.168.100.80,/23,,,,,RHSA-2013:0275,java-1.7.0-openjdk-1.7.0.9-2.3.7.1.el6_3.x86_64,,NOT INSTALLED
sao-ar-vas11,8,Intel(R) Xeon(R) CPU E5-2643 0 @ 3.30GHz,32841760kB,17:12:26 up 820 days,127.0.0.1,/8,192.168.112.16,/25,192.168.113.16,/25,192.168.100.80,/23,,,,,RHSA-2013:0275,java-1.7.0-openjdk-debuginfo-1.7.0.9-2.3.7.1.el6_3.x86_64,,NOT INSTALLED
sao-ar-vas11,8,Intel(R) Xeon(R) CPU E5-2643 0 @ 3.30GHz,32841760kB,17:12:26 up 820 days,127.0.0.1,/8,192.168.112.16,/25,192.168.113.16,/25,192.168.100.80,/23,,,,,RHSA-2013:0275,java-1.7.0-openjdk-debuginfo-1.7.0.9-2.3.7.1.el6_3.x86_64,,NOT INSTALLED
sao-ar-vas11,8,Intel(R) Xeon(R) CPU E5-2643 0 @ 3.30GHz,32841760kB,17:12:26 up 820 days,127.0.0.1,/8,192.168.112.16,/25,192.168.113.16,/25,192.168.100.80,/23,,,,,RHSA-2013:0275,java-1.7.0-openjdk-demo-1.7.0.9-2.3.7.1.el6_3.x86_64,,NOT INSTALLED
sao-ar-vas11,8,Intel(R) Xeon(R) CPU E5-2643 0 @ 3.30GHz,32841760kB,17:12:26 up 820 days,127.0.0.1,/8,192.168.112.16,/25,192.168.113.16,/25,192.168.100.80,/23,,,,,RHSA-2013:0275,java-1.7.0-openjdk-devel-1.7.0.9-2.3.7.1.el6_3.x86_64,,NOT INSTALLED
sao-ar-vas11,8,Intel(R) Xeon(R) CPU E5-2643 0 @ 3.30GHz,32841760kB,17:12:27 up 820 days,127.0.0.1,/8,192.168.112.16,/25,192.168.113.16,/25,192.168.100.80,/23,,,,,RHSA-2013:0275,java-1.7.0-openjdk-javadoc-1.7.0.9-2.3.7.1.el6_3.noarch,,NOT INSTALLED
sao-ar-vas11,8,Intel(R) Xeon(R) CPU E5-2643 0 @ 3.30GHz,32841760kB,17:12:27 up 820 days,127.0.0.1,/8,192.168.112.16,/25,192.168.113.16,/25,192.168.100.80,/23,,,,,RHSA-2013:0275,java-1.7.0-openjdk-src-1.7.0.9-2.3.7.1.el6_3.x86_64,,NOT INSTALLED
sao-ar-vas11,8,Intel(R) Xeon(R) CPU E5-2643 0 @ 3.30GHz,32841760kB,17:12:27 up 820 days,127.0.0.1,/8,192.168.112.16,/25,192.168.113.16,/25,192.168.100.80,/23,,,,,RHSA-2013:0662,kernel-2.6.32-279.23.1.el6.x86_64,kernel-2.6.32-573.el6.x86_64,OBSOLETE
sao-ar-vas11,8,Intel(R) Xeon(R) CPU E5-2643 0 @ 3.30GHz,32841760kB,17:12:27 up 820 days,127.0.0.1,/8,192.168.112.16,/25,192.168.113.16,/25,192.168.100.80,/23,,,,,RHSA-2013:0662,kernel-debug-2.6.32-279.23.1.el6.x86_64,,NOT INSTALLED
sao-ar-vas11,8,Intel(R) Xeon(R) CPU E5-2643 0 @ 3.30GHz,32841760kB,17:12:27 up 820 days,127.0.0.1,/8,192.168.112.16,/25,192.168.113.16,/25,192.168.100.80,/23,,,,,RHSA-2013:0662,kernel-debug-debuginfo-2.6.32-279.23.1.el6.x86_64,,NOT INSTALLED
sao-ar-vas11,8,Intel(R) Xeon(R) CPU E5-2643 0 @ 3.30GHz,32841760kB,17:12:27 up 820 days,127.0.0.1,/8,192.168.112.16,/25,192.168.113.16,/25,192.168.100.80,/23,,,,,RHSA-2013:0662,kernel-debug-debuginfo-2.6.32-279.23.1.el6.x86_64,,NOT INSTALLED
sao-ar-vas11,8,Intel(R) Xeon(R) CPU E5-2643 0 @ 3.30GHz,32841760kB,17:12:27 up 820 days,127.0.0.1,/8,192.168.112.16,/25,192.168.113.16,/25,192.168.100.80,/23,,,,,RHSA-2013:0662,kernel-debug-devel-2.6.32-279.23.1.el6.x86_64,,NOT INSTALLED
sao-ar-vas11,8,Intel(R) Xeon(R) CPU E5-2643 0 @ 3.30GHz,32841760kB,17:12:27 up 820 days,127.0.0.1,/8,192.168.112.16,/25,192.168.113.16,/25,192.168.100.80,/23,,,,,RHSA-2013:0662,kernel-debuginfo-2.6.32-279.23.1.el6.x86_64,,NOT INSTALLED
sao-ar-vas11,8,Intel(R) Xeon(R) CPU E5-2643 0 @ 3.30GHz,32841760kB,17:12:27 up 820 days,127.0.0.1,/8,192.168.112.16,/25,192.168.113.16,/25,192.168.100.80,/23,,,,,RHSA-2013:0662,kernel-debuginfo-2.6.32-279.23.1.el6.x86_64,,NOT INSTALLED
sao-ar-vas11,8,Intel(R) Xeon(R) CPU E5-2643 0 @ 3.30GHz,32841760kB,17:12:28 up 820 days,127.0.0.1,/8,192.168.112.16,/25,192.168.113.16,/25,192.168.100.80,/23,,,,,RHSA-2013:0662,kernel-debuginfo-common-x86_64-2.6.32-279.23.1.el6.x86_64,,NOT INSTALLED
sao-ar-vas11,8,Intel(R) Xeon(R) CPU E5-2643 0 @ 3.30GHz,32841760kB,17:12:28 up 820 days,127.0.0.1,/8,192.168.112.16,/25,192.168.113.16,/25,192.168.100.80,/23,,,,,RHSA-2013:0662,kernel-debuginfo-common-x86_64-2.6.32-279.23.1.el6.x86_64,,NOT INSTALLED
sao-ar-vas11,8,Intel(R) Xeon(R) CPU E5-2643 0 @ 3.30GHz,32841760kB,17:12:28 up 820 days,127.0.0.1,/8,192.168.112.16,/25,192.168.113.16,/25,192.168.100.80,/23,,,,,RHSA-2013:0662,kernel-devel-2.6.32-279.23.1.el6.x86_64,kernel-devel-2.6.32-279.el6.x86_64,TO BE PATCHED
sao-ar-vas11,8,Intel(R) Xeon(R) CPU E5-2643 0 @ 3.30GHz,32841760kB,17:12:28 up 820 days,127.0.0.1,/8,192.168.112.16,/25,192.168.113.16,/25,192.168.100.80,/23,,,,,RHSA-2013:0662,kernel-doc-2.6.32-279.23.1.el6.noarch,,NOT INSTALLED
sao-ar-vas11,8,Intel(R) Xeon(R) CPU E5-2643 0 @ 3.30GHz,32841760kB,17:12:28 up 820 days,127.0.0.1,/8,192.168.112.16,/25,192.168.113.16,/25,192.168.100.80,/23,,,,,RHSA-2013:0662,kernel-firmware-2.6.32-279.23.1.el6.noarch,kernel-firmware-2.6.32-573.el6.noarch,OBSOLETE
sao-ar-vas11,8,Intel(R) Xeon(R) CPU E5-2643 0 @ 3.30GHz,32841760kB,17:12:28 up 820 days,127.0.0.1,/8,192.168.112.16,/25,192.168.113.16,/25,192.168.100.80,/23,,,,,RHSA-2013:0662,kernel-headers-2.6.32-279.23.1.el6.x86_64,kernel-headers-2.6.32-279.el6.x86_64,TO BE PATCHED
sao-ar-vas11,8,Intel(R) Xeon(R) CPU E5-2643 0 @ 3.30GHz,32841760kB,17:12:28 up 820 days,127.0.0.1,/8,192.168.112.16,/25,192.168.113.16,/25,192.168.100.80,/23,,,,,RHSA-2013:0662,perf-2.6.32-279.23.1.el6.x86_64,,NOT INSTALLED
sao-ar-vas11,8,Intel(R) Xeon(R) CPU E5-2643 0 @ 3.30GHz,32841760kB,17:12:28 up 820 days,127.0.0.1,/8,192.168.112.16,/25,192.168.113.16,/25,192.168.100.80,/23,,,,,RHSA-2013:0662,perf-debuginfo-2.6.32-279.23.1.el6.x86_64,,NOT INSTALLED
sao-ar-vas11,8,Intel(R) Xeon(R) CPU E5-2643 0 @ 3.30GHz,32841760kB,17:12:28 up 820 days,127.0.0.1,/8,192.168.112.16,/25,192.168.113.16,/25,192.168.100.80,/23,,,,,RHSA-2013:0662,perf-debuginfo-2.6.32-279.23.1.el6.x86_64,,NOT INSTALLED
sao-ar-vas11,8,Intel(R) Xeon(R) CPU E5-2643 0 @ 3.30GHz,32841760kB,17:12:29 up 820 days,127.0.0.1,/8,192.168.112.16,/25,192.168.113.16,/25,192.168.100.80,/23,,,,,RHSA-2013:0662,python-perf-2.6.32-279.23.1.el6.x86_64,,NOT INSTALLED
sao-ar-vas11,8,Intel(R) Xeon(R) CPU E5-2643 0 @ 3.30GHz,32841760kB,17:12:29 up 820 days,127.0.0.1,/8,192.168.112.16,/25,192.168.113.16,/25,192.168.100.80,/23,,,,,RHSA-2013:0662,python-perf-debuginfo-2.6.32-279.23.1.el6.x86_64,,NOT INSTALLED
sao-ar-vas11,8,Intel(R) Xeon(R) CPU E5-2643 0 @ 3.30GHz,32841760kB,17:12:29 up 820 days,127.0.0.1,/8,192.168.112.16,/25,192.168.113.16,/25,192.168.100.80,/23,,,,,RHSA-2013:0662,python-perf-debuginfo-2.6.32-279.23.1.el6.x86_64,,NOT INSTALLED
sao-ar-vas11,8,Intel(R) Xeon(R) CPU E5-2643 0 @ 3.30GHz,32841760kB,17:12:29 up 820 days,127.0.0.1,/8,192.168.112.16,/25,192.168.113.16,/25,192.168.100.80,/23,,,,,RHSA-2013:0832,kernel-2.6.32-279.25.2.el6.x86_64,kernel-2.6.32-573.el6.x86_64,OBSOLETE
sao-ar-vas11,8,Intel(R) Xeon(R) CPU E5-2643 0 @ 3.30GHz,32841760kB,17:12:29 up 820 days,127.0.0.1,/8,192.168.112.16,/25,192.168.113.16,/25,192.168.100.80,/23,,,,,RHSA-2013:0832,kernel-debug-2.6.32-279.25.2.el6.x86_64,,NOT INSTALLED
sao-ar-vas11,8,Intel(R) Xeon(R) CPU E5-2643 0 @ 3.30GHz,32841760kB,17:12:29 up 820 days,127.0.0.1,/8,192.168.112.16,/25,192.168.113.16,/25,192.168.100.80,/23,,,,,RHSA-2013:0832,kernel-debug-debuginfo-2.6.32-279.25.2.el6.x86_64,,NOT INSTALLED
sao-ar-vas11,8,Intel(R) Xeon(R) CPU E5-2643 0 @ 3.30GHz,32841760kB,17:12:29 up 820 days,127.0.0.1,/8,192.168.112.16,/25,192.168.113.16,/25,192.168.100.80,/23,,,,,RHSA-2013:0832,kernel-debug-debuginfo-2.6.32-279.25.2.el6.x86_64,,NOT INSTALLED
sao-ar-vas11,8,Intel(R) Xeon(R) CPU E5-2643 0 @ 3.30GHz,32841760kB,17:12:29 up 820 days,127.0.0.1,/8,192.168.112.16,/25,192.168.113.16,/25,192.168.100.80,/23,,,,,RHSA-2013:0832,kernel-debug-devel-2.6.32-279.25.2.el6.x86_64,,NOT INSTALLED
sao-ar-vas11,8,Intel(R) Xeon(R) CPU E5-2643 0 @ 3.30GHz,32841760kB,17:12:29 up 820 days,127.0.0.1,/8,192.168.112.16,/25,192.168.113.16,/25,192.168.100.80,/23,,,,,RHSA-2013:0832,kernel-debuginfo-2.6.32-279.25.2.el6.x86_64,,NOT INSTALLED
sao-ar-vas11,8,Intel(R) Xeon(R) CPU E5-2643 0 @ 3.30GHz,32841760kB,17:12:30 up 820 days,127.0.0.1,/8,192.168.112.16,/25,192.168.113.16,/25,192.168.100.80,/23,,,,,RHSA-2013:0832,kernel-debuginfo-2.6.32-279.25.2.el6.x86_64,,NOT INSTALLED
sao-ar-vas11,8,Intel(R) Xeon(R) CPU E5-2643 0 @ 3.30GHz,32841760kB,17:12:30 up 820 days,127.0.0.1,/8,192.168.112.16,/25,192.168.113.16,/25,192.168.100.80,/23,,,,,RHSA-2013:0832,kernel-debuginfo-common-x86_64-2.6.32-279.25.2.el6.x86_64,,NOT INSTALLED
sao-ar-vas11,8,Intel(R) Xeon(R) CPU E5-2643 0 @ 3.30GHz,32841760kB,17:12:30 up 820 days,127.0.0.1,/8,192.168.112.16,/25,192.168.113.16,/25,192.168.100.80,/23,,,,,RHSA-2013:0832,kernel-debuginfo-common-x86_64-2.6.32-279.25.2.el6.x86_64,,NOT INSTALLED
sao-ar-vas11,8,Intel(R) Xeon(R) CPU E5-2643 0 @ 3.30GHz,32841760kB,17:12:30 up 820 days,127.0.0.1,/8,192.168.112.16,/25,192.168.113.16,/25,192.168.100.80,/23,,,,,RHSA-2013:0832,kernel-devel-2.6.32-279.25.2.el6.x86_64,kernel-devel-2.6.32-279.el6.x86_64,TO BE PATCHED
sao-ar-vas11,8,Intel(R) Xeon(R) CPU E5-2643 0 @ 3.30GHz,32841760kB,17:12:30 up 820 days,127.0.0.1,/8,192.168.112.16,/25,192.168.113.16,/25,192.168.100.80,/23,,,,,RHSA-2013:0832,kernel-doc-2.6.32-279.25.2.el6.noarch,,NOT INSTALLED
sao-ar-vas11,8,Intel(R) Xeon(R) CPU E5-2643 0 @ 3.30GHz,32841760kB,17:12:30 up 820 days,127.0.0.1,/8,192.168.112.16,/25,192.168.113.16,/25,192.168.100.80,/23,,,,,RHSA-2013:0832,kernel-firmware-2.6.32-279.25.2.el6.noarch,kernel-firmware-2.6.32-573.el6.noarch,OBSOLETE
sao-ar-vas11,8,Intel(R) Xeon(R) CPU E5-2643 0 @ 3.30GHz,32841760kB,17:12:30 up 820 days,127.0.0.1,/8,192.168.112.16,/25,192.168.113.16,/25,192.168.100.80,/23,,,,,RHSA-2013:0832,kernel-headers-2.6.32-279.25.2.el6.x86_64,kernel-headers-2.6.32-279.el6.x86_64,TO BE PATCHED
sao-ar-vas11,8,Intel(R) Xeon(R) CPU E5-2643 0 @ 3.30GHz,32841760kB,17:12:30 up 820 days,127.0.0.1,/8,192.168.112.16,/25,192.168.113.16,/25,192.168.100.80,/23,,,,,RHSA-2013:0832,perf-2.6.32-279.25.2.el6.x86_64,,NOT INSTALLED
sao-ar-vas11,8,Intel(R) Xeon(R) CPU E5-2643 0 @ 3.30GHz,32841760kB,17:12:31 up 820 days,127.0.0.1,/8,192.168.112.16,/25,192.168.113.16,/25,192.168.100.80,/23,,,,,RHSA-2013:0832,perf-debuginfo-2.6.32-279.25.2.el6.x86_64,,NOT INSTALLED
sao-ar-vas11,8,Intel(R) Xeon(R) CPU E5-2643 0 @ 3.30GHz,32841760kB,17:12:31 up 820 days,127.0.0.1,/8,192.168.112.16,/25,192.168.113.16,/25,192.168.100.80,/23,,,,,RHSA-2013:0832,perf-debuginfo-2.6.32-279.25.2.el6.x86_64,,NOT INSTALLED
sao-ar-vas11,8,Intel(R) Xeon(R) CPU E5-2643 0 @ 3.30GHz,32841760kB,17:12:31 up 820 days,127.0.0.1,/8,192.168.112.16,/25,192.168.113.16,/25,192.168.100.80,/23,,,,,RHSA-2013:0832,python-perf-2.6.32-279.25.2.el6.x86_64,,NOT INSTALLED
sao-ar-vas11,8,Intel(R) Xeon(R) CPU E5-2643 0 @ 3.30GHz,32841760kB,17:12:31 up 820 days,127.0.0.1,/8,192.168.112.16,/25,192.168.113.16,/25,192.168.100.80,/23,,,,,RHSA-2013:0832,python-perf-debuginfo-2.6.32-279.25.2.el6.x86_64,,NOT INSTALLED
sao-ar-vas11,8,Intel(R) Xeon(R) CPU E5-2643 0 @ 3.30GHz,32841760kB,17:12:31 up 820 days,127.0.0.1,/8,192.168.112.16,/25,192.168.113.16,/25,192.168.100.80,/23,,,,,RHSA-2013:0832,python-perf-debuginfo-2.6.32-279.25.2.el6.x86_64,,NOT INSTALLED
sao-ar-vas11,8,Intel(R) Xeon(R) CPU E5-2643 0 @ 3.30GHz,32841760kB,17:12:31 up 820 days,127.0.0.1,/8,192.168.112.16,/25,192.168.113.16,/25,192.168.100.80,/23,,,,,RHSA-2013:0928,kernel-2.6.32-279.31.1.el6.x86_64,kernel-2.6.32-573.el6.x86_64,OBSOLETE
sao-ar-vas11,8,Intel(R) Xeon(R) CPU E5-2643 0 @ 3.30GHz,32841760kB,17:12:31 up 820 days,127.0.0.1,/8,192.168.112.16,/25,192.168.113.16,/25,192.168.100.80,/23,,,,,RHSA-2013:0928,kernel-debug-2.6.32-279.31.1.el6.x86_64,,NOT INSTALLED
sao-ar-vas11,8,Intel(R) Xeon(R) CPU E5-2643 0 @ 3.30GHz,32841760kB,17:12:31 up 820 days,127.0.0.1,/8,192.168.112.16,/25,192.168.113.16,/25,192.168.100.80,/23,,,,,RHSA-2013:0928,kernel-debug-debuginfo-2.6.32-279.31.1.el6.x86_64,,NOT INSTALLED
sao-ar-vas11,8,Intel(R) Xeon(R) CPU E5-2643 0 @ 3.30GHz,32841760kB,17:12:31 up 820 days,127.0.0.1,/8,192.168.112.16,/25,192.168.113.16,/25,192.168.100.80,/23,,,,,RHSA-2013:0928,kernel-debug-debuginfo-2.6.32-279.31.1.el6.x86_64,,NOT INSTALLED
sao-ar-vas11,8,Intel(R) Xeon(R) CPU E5-2643 0 @ 3.30GHz,32841760kB,17:12:32 up 820 days,127.0.0.1,/8,192.168.112.16,/25,192.168.113.16,/25,192.168.100.80,/23,,,,,RHSA-2013:0928,kernel-debug-devel-2.6.32-279.31.1.el6.x86_64,,NOT INSTALLED
sao-ar-vas11,8,Intel(R) Xeon(R) CPU E5-2643 0 @ 3.30GHz,32841760kB,17:12:32 up 820 days,127.0.0.1,/8,192.168.112.16,/25,192.168.113.16,/25,192.168.100.80,/23,,,,,RHSA-2013:0928,kernel-debuginfo-2.6.32-279.31.1.el6.x86_64,,NOT INSTALLED
sao-ar-vas11,8,Intel(R) Xeon(R) CPU E5-2643 0 @ 3.30GHz,32841760kB,17:12:32 up 820 days,127.0.0.1,/8,192.168.112.16,/25,192.168.113.16,/25,192.168.100.80,/23,,,,,RHSA-2013:0928,kernel-debuginfo-2.6.32-279.31.1.el6.x86_64,,NOT INSTALLED
sao-ar-vas11,8,Intel(R) Xeon(R) CPU E5-2643 0 @ 3.30GHz,32841760kB,17:12:32 up 820 days,127.0.0.1,/8,192.168.112.16,/25,192.168.113.16,/25,192.168.100.80,/23,,,,,RHSA-2013:0928,kernel-debuginfo-common-x86_64-2.6.32-279.31.1.el6.x86_64,,NOT INSTALLED
sao-ar-vas11,8,Intel(R) Xeon(R) CPU E5-2643 0 @ 3.30GHz,32841760kB,17:12:32 up 820 days,127.0.0.1,/8,192.168.112.16,/25,192.168.113.16,/25,192.168.100.80,/23,,,,,RHSA-2013:0928,kernel-debuginfo-common-x86_64-2.6.32-279.31.1.el6.x86_64,,NOT INSTALLED
sao-ar-vas11,8,Intel(R) Xeon(R) CPU E5-2643 0 @ 3.30GHz,32841760kB,17:12:32 up 820 days,127.0.0.1,/8,192.168.112.16,/25,192.168.113.16,/25,192.168.100.80,/23,,,,,RHSA-2013:0928,kernel-devel-2.6.32-279.31.1.el6.x86_64,kernel-devel-2.6.32-279.el6.x86_64,TO BE PATCHED
sao-ar-vas11,8,Intel(R) Xeon(R) CPU E5-2643 0 @ 3.30GHz,32841760kB,17:12:32 up 820 days,127.0.0.1,/8,192.168.112.16,/25,192.168.113.16,/25,192.168.100.80,/23,,,,,RHSA-2013:0928,kernel-doc-2.6.32-279.31.1.el6.noarch,,NOT INSTALLED
sao-ar-vas11,8,Intel(R) Xeon(R) CPU E5-2643 0 @ 3.30GHz,32841760kB,17:12:32 up 820 days,127.0.0.1,/8,192.168.112.16,/25,192.168.113.16,/25,192.168.100.80,/23,,,,,RHSA-2013:0928,kernel-firmware-2.6.32-279.31.1.el6.noarch,kernel-firmware-2.6.32-573.el6.noarch,OBSOLETE
sao-ar-vas11,8,Intel(R) Xeon(R) CPU E5-2643 0 @ 3.30GHz,32841760kB,17:12:32 up 820 days,127.0.0.1,/8,192.168.112.16,/25,192.168.113.16,/25,192.168.100.80,/23,,,,,RHSA-2013:0928,kernel-headers-2.6.32-279.31.1.el6.x86_64,kernel-headers-2.6.32-279.el6.x86_64,TO BE PATCHED
sao-ar-vas11,8,Intel(R) Xeon(R) CPU E5-2643 0 @ 3.30GHz,32841760kB,17:12:33 up 820 days,127.0.0.1,/8,192.168.112.16,/25,192.168.113.16,/25,192.168.100.80,/23,,,,,RHSA-2013:0928,perf-2.6.32-279.31.1.el6.x86_64,,NOT INSTALLED
sao-ar-vas11,8,Intel(R) Xeon(R) CPU E5-2643 0 @ 3.30GHz,32841760kB,17:12:33 up 820 days,127.0.0.1,/8,192.168.112.16,/25,192.168.113.16,/25,192.168.100.80,/23,,,,,RHSA-2013:0928,perf-debuginfo-2.6.32-279.31.1.el6.x86_64,,NOT INSTALLED
sao-ar-vas11,8,Intel(R) Xeon(R) CPU E5-2643 0 @ 3.30GHz,32841760kB,17:12:33 up 820 days,127.0.0.1,/8,192.168.112.16,/25,192.168.113.16,/25,192.168.100.80,/23,,,,,RHSA-2013:0928,perf-debuginfo-2.6.32-279.31.1.el6.x86_64,,NOT INSTALLED
sao-ar-vas11,8,Intel(R) Xeon(R) CPU E5-2643 0 @ 3.30GHz,32841760kB,17:12:33 up 820 days,127.0.0.1,/8,192.168.112.16,/25,192.168.113.16,/25,192.168.100.80,/23,,,,,RHSA-2013:0928,python-perf-2.6.32-279.31.1.el6.x86_64,,NOT INSTALLED
sao-ar-vas11,8,Intel(R) Xeon(R) CPU E5-2643 0 @ 3.30GHz,32841760kB,17:12:33 up 820 days,127.0.0.1,/8,192.168.112.16,/25,192.168.113.16,/25,192.168.100.80,/23,,,,,RHSA-2013:0928,python-perf-debuginfo-2.6.32-279.31.1.el6.x86_64,,NOT INSTALLED
sao-ar-vas11,8,Intel(R) Xeon(R) CPU E5-2643 0 @ 3.30GHz,32841760kB,17:12:33 up 820 days,127.0.0.1,/8,192.168.112.16,/25,192.168.113.16,/25,192.168.100.80,/23,,,,,RHSA-2013:0928,python-perf-debuginfo-2.6.32-279.31.1.el6.x86_64,,NOT INSTALLED
sao-ar-vas11,8,Intel(R) Xeon(R) CPU E5-2643 0 @ 3.30GHz,32841760kB,17:12:33 up 820 days,127.0.0.1,/8,192.168.112.16,/25,192.168.113.16,/25,192.168.100.80,/23,,,,,RHSA-2013:1450,kernel-2.6.32-279.37.2.el6.x86_64,kernel-2.6.32-573.el6.x86_64,OBSOLETE
sao-ar-vas11,8,Intel(R) Xeon(R) CPU E5-2643 0 @ 3.30GHz,32841760kB,17:12:33 up 820 days,127.0.0.1,/8,192.168.112.16,/25,192.168.113.16,/25,192.168.100.80,/23,,,,,RHSA-2013:1450,kernel-debug-2.6.32-279.37.2.el6.x86_64,,NOT INSTALLED
sao-ar-vas11,8,Intel(R) Xeon(R) CPU E5-2643 0 @ 3.30GHz,32841760kB,17:12:33 up 820 days,127.0.0.1,/8,192.168.112.16,/25,192.168.113.16,/25,192.168.100.80,/23,,,,,RHSA-2013:1450,kernel-debug-debuginfo-2.6.32-279.37.2.el6.x86_64,,NOT INSTALLED
sao-ar-vas11,8,Intel(R) Xeon(R) CPU E5-2643 0 @ 3.30GHz,32841760kB,17:12:34 up 820 days,127.0.0.1,/8,192.168.112.16,/25,192.168.113.16,/25,192.168.100.80,/23,,,,,RHSA-2013:1450,kernel-debug-debuginfo-2.6.32-279.37.2.el6.x86_64,,NOT INSTALLED
sao-ar-vas11,8,Intel(R) Xeon(R) CPU E5-2643 0 @ 3.30GHz,32841760kB,17:12:34 up 820 days,127.0.0.1,/8,192.168.112.16,/25,192.168.113.16,/25,192.168.100.80,/23,,,,,RHSA-2013:1450,kernel-debug-devel-2.6.32-279.37.2.el6.x86_64,,NOT INSTALLED
sao-ar-vas11,8,Intel(R) Xeon(R) CPU E5-2643 0 @ 3.30GHz,32841760kB,17:12:34 up 820 days,127.0.0.1,/8,192.168.112.16,/25,192.168.113.16,/25,192.168.100.80,/23,,,,,RHSA-2013:1450,kernel-debuginfo-2.6.32-279.37.2.el6.x86_64,,NOT INSTALLED
sao-ar-vas11,8,Intel(R) Xeon(R) CPU E5-2643 0 @ 3.30GHz,32841760kB,17:12:34 up 820 days,127.0.0.1,/8,192.168.112.16,/25,192.168.113.16,/25,192.168.100.80,/23,,,,,RHSA-2013:1450,kernel-debuginfo-2.6.32-279.37.2.el6.x86_64,,NOT INSTALLED
sao-ar-vas11,8,Intel(R) Xeon(R) CPU E5-2643 0 @ 3.30GHz,32841760kB,17:12:34 up 820 days,127.0.0.1,/8,192.168.112.16,/25,192.168.113.16,/25,192.168.100.80,/23,,,,,RHSA-2013:1450,kernel-debuginfo-common-x86_64-2.6.32-279.37.2.el6.x86_64,,NOT INSTALLED
sao-ar-vas11,8,Intel(R) Xeon(R) CPU E5-2643 0 @ 3.30GHz,32841760kB,17:12:34 up 820 days,127.0.0.1,/8,192.168.112.16,/25,192.168.113.16,/25,192.168.100.80,/23,,,,,RHSA-2013:1450,kernel-debuginfo-common-x86_64-2.6.32-279.37.2.el6.x86_64,,NOT INSTALLED
sao-ar-vas11,8,Intel(R) Xeon(R) CPU E5-2643 0 @ 3.30GHz,32841760kB,17:12:34 up 820 days,127.0.0.1,/8,192.168.112.16,/25,192.168.113.16,/25,192.168.100.80,/23,,,,,RHSA-2013:1450,kernel-devel-2.6.32-279.37.2.el6.x86_64,kernel-devel-2.6.32-279.el6.x86_64,TO BE PATCHED
sao-ar-vas11,8,Intel(R) Xeon(R) CPU E5-2643 0 @ 3.30GHz,32841760kB,17:12:34 up 820 days,127.0.0.1,/8,192.168.112.16,/25,192.168.113.16,/25,192.168.100.80,/23,,,,,RHSA-2013:1450,kernel-doc-2.6.32-279.37.2.el6.noarch,,NOT INSTALLED
sao-ar-vas11,8,Intel(R) Xeon(R) CPU E5-2643 0 @ 3.30GHz,32841760kB,17:12:34 up 820 days,127.0.0.1,/8,192.168.112.16,/25,192.168.113.16,/25,192.168.100.80,/23,,,,,RHSA-2013:1450,kernel-firmware-2.6.32-279.37.2.el6.noarch,kernel-firmware-2.6.32-573.el6.noarch,OBSOLETE
sao-ar-vas11,8,Intel(R) Xeon(R) CPU E5-2643 0 @ 3.30GHz,32841760kB,17:12:35 up 820 days,127.0.0.1,/8,192.168.112.16,/25,192.168.113.16,/25,192.168.100.80,/23,,,,,RHSA-2013:1450,kernel-headers-2.6.32-279.37.2.el6.x86_64,kernel-headers-2.6.32-279.el6.x86_64,TO BE PATCHED
sao-ar-vas11,8,Intel(R) Xeon(R) CPU E5-2643 0 @ 3.30GHz,32841760kB,17:12:35 up 820 days,127.0.0.1,/8,192.168.112.16,/25,192.168.113.16,/25,192.168.100.80,/23,,,,,RHSA-2013:1450,perf-2.6.32-279.37.2.el6.x86_64,,NOT INSTALLED
sao-ar-vas11,8,Intel(R) Xeon(R) CPU E5-2643 0 @ 3.30GHz,32841760kB,17:12:35 up 820 days,127.0.0.1,/8,192.168.112.16,/25,192.168.113.16,/25,192.168.100.80,/23,,,,,RHSA-2013:1450,perf-debuginfo-2.6.32-279.37.2.el6.x86_64,,NOT INSTALLED
sao-ar-vas11,8,Intel(R) Xeon(R) CPU E5-2643 0 @ 3.30GHz,32841760kB,17:12:35 up 820 days,127.0.0.1,/8,192.168.112.16,/25,192.168.113.16,/25,192.168.100.80,/23,,,,,RHSA-2013:1450,perf-debuginfo-2.6.32-279.37.2.el6.x86_64,,NOT INSTALLED
sao-ar-vas11,8,Intel(R) Xeon(R) CPU E5-2643 0 @ 3.30GHz,32841760kB,17:12:35 up 820 days,127.0.0.1,/8,192.168.112.16,/25,192.168.113.16,/25,192.168.100.80,/23,,,,,RHSA-2013:1450,python-perf-2.6.32-279.37.2.el6.x86_64,,NOT INSTALLED
sao-ar-vas11,8,Intel(R) Xeon(R) CPU E5-2643 0 @ 3.30GHz,32841760kB,17:12:35 up 820 days,127.0.0.1,/8,192.168.112.16,/25,192.168.113.16,/25,192.168.100.80,/23,,,,,RHSA-2013:1450,python-perf-debuginfo-2.6.32-279.37.2.el6.x86_64,,NOT INSTALLED
sao-ar-vas11,8,Intel(R) Xeon(R) CPU E5-2643 0 @ 3.30GHz,32841760kB,17:12:35 up 820 days,127.0.0.1,/8,192.168.112.16,/25,192.168.113.16,/25,192.168.100.80,/23,,,,,RHSA-2013:1450,python-perf-debuginfo-2.6.32-279.37.2.el6.x86_64,,NOT INSTALLED
sao-ar-vas11,8,Intel(R) Xeon(R) CPU E5-2643 0 @ 3.30GHz,32841760kB,17:12:35 up 820 days,127.0.0.1,/8,192.168.112.16,/25,192.168.113.16,/25,192.168.100.80,/23,,,,,RHSA-2013:1783,kernel-2.6.32-279.39.1.el6.x86_64,kernel-2.6.32-573.el6.x86_64,OBSOLETE
sao-ar-vas11,8,Intel(R) Xeon(R) CPU E5-2643 0 @ 3.30GHz,32841760kB,17:12:36 up 820 days,127.0.0.1,/8,192.168.112.16,/25,192.168.113.16,/25,192.168.100.80,/23,,,,,RHSA-2013:1783,kernel-debug-2.6.32-279.39.1.el6.x86_64,,NOT INSTALLED
sao-ar-vas11,8,Intel(R) Xeon(R) CPU E5-2643 0 @ 3.30GHz,32841760kB,17:12:36 up 820 days,127.0.0.1,/8,192.168.112.16,/25,192.168.113.16,/25,192.168.100.80,/23,,,,,RHSA-2013:1783,kernel-debug-debuginfo-2.6.32-279.39.1.el6.x86_64,,NOT INSTALLED
sao-ar-vas11,8,Intel(R) Xeon(R) CPU E5-2643 0 @ 3.30GHz,32841760kB,17:12:36 up 820 days,127.0.0.1,/8,192.168.112.16,/25,192.168.113.16,/25,192.168.100.80,/23,,,,,RHSA-2013:1783,kernel-debug-debuginfo-2.6.32-279.39.1.el6.x86_64,,NOT INSTALLED
sao-ar-vas11,8,Intel(R) Xeon(R) CPU E5-2643 0 @ 3.30GHz,32841760kB,17:12:36 up 820 days,127.0.0.1,/8,192.168.112.16,/25,192.168.113.16,/25,192.168.100.80,/23,,,,,RHSA-2013:1783,kernel-debug-devel-2.6.32-279.39.1.el6.x86_64,,NOT INSTALLED
sao-ar-vas11,8,Intel(R) Xeon(R) CPU E5-2643 0 @ 3.30GHz,32841760kB,17:12:36 up 820 days,127.0.0.1,/8,192.168.112.16,/25,192.168.113.16,/25,192.168.100.80,/23,,,,,RHSA-2013:1783,kernel-debuginfo-2.6.32-279.39.1.el6.x86_64,,NOT INSTALLED
sao-ar-vas11,8,Intel(R) Xeon(R) CPU E5-2643 0 @ 3.30GHz,32841760kB,17:12:36 up 820 days,127.0.0.1,/8,192.168.112.16,/25,192.168.113.16,/25,192.168.100.80,/23,,,,,RHSA-2013:1783,kernel-debuginfo-2.6.32-279.39.1.el6.x86_64,,NOT INSTALLED
sao-ar-vas11,8,Intel(R) Xeon(R) CPU E5-2643 0 @ 3.30GHz,32841760kB,17:12:36 up 820 days,127.0.0.1,/8,192.168.112.16,/25,192.168.113.16,/25,192.168.100.80,/23,,,,,RHSA-2013:1783,kernel-debuginfo-common-x86_64-2.6.32-279.39.1.el6.x86_64,,NOT INSTALLED
sao-ar-vas11,8,Intel(R) Xeon(R) CPU E5-2643 0 @ 3.30GHz,32841760kB,17:12:36 up 820 days,127.0.0.1,/8,192.168.112.16,/25,192.168.113.16,/25,192.168.100.80,/23,,,,,RHSA-2013:1783,kernel-debuginfo-common-x86_64-2.6.32-279.39.1.el6.x86_64,,NOT INSTALLED
sao-ar-vas11,8,Intel(R) Xeon(R) CPU E5-2643 0 @ 3.30GHz,32841760kB,17:12:36 up 820 days,127.0.0.1,/8,192.168.112.16,/25,192.168.113.16,/25,192.168.100.80,/23,,,,,RHSA-2013:1783,kernel-devel-2.6.32-279.39.1.el6.x86_64,kernel-devel-2.6.32-279.el6.x86_64,TO BE PATCHED
sao-ar-vas11,8,Intel(R) Xeon(R) CPU E5-2643 0 @ 3.30GHz,32841760kB,17:12:36 up 820 days,127.0.0.1,/8,192.168.112.16,/25,192.168.113.16,/25,192.168.100.80,/23,,,,,RHSA-2013:1783,kernel-doc-2.6.32-279.39.1.el6.noarch,,NOT INSTALLED
sao-ar-vas11,8,Intel(R) Xeon(R) CPU E5-2643 0 @ 3.30GHz,32841760kB,17:12:37 up 820 days,127.0.0.1,/8,192.168.112.16,/25,192.168.113.16,/25,192.168.100.80,/23,,,,,RHSA-2013:1783,kernel-firmware-2.6.32-279.39.1.el6.noarch,kernel-firmware-2.6.32-573.el6.noarch,OBSOLETE
sao-ar-vas11,8,Intel(R) Xeon(R) CPU E5-2643 0 @ 3.30GHz,32841760kB,17:12:37 up 820 days,127.0.0.1,/8,192.168.112.16,/25,192.168.113.16,/25,192.168.100.80,/23,,,,,RHSA-2013:1783,kernel-headers-2.6.32-279.39.1.el6.x86_64,kernel-headers-2.6.32-279.el6.x86_64,TO BE PATCHED
sao-ar-vas11,8,Intel(R) Xeon(R) CPU E5-2643 0 @ 3.30GHz,32841760kB,17:12:37 up 820 days,127.0.0.1,/8,192.168.112.16,/25,192.168.113.16,/25,192.168.100.80,/23,,,,,RHSA-2013:1783,perf-2.6.32-279.39.1.el6.x86_64,,NOT INSTALLED
sao-ar-vas11,8,Intel(R) Xeon(R) CPU E5-2643 0 @ 3.30GHz,32841760kB,17:12:37 up 820 days,127.0.0.1,/8,192.168.112.16,/25,192.168.113.16,/25,192.168.100.80,/23,,,,,RHSA-2013:1783,perf-debuginfo-2.6.32-279.39.1.el6.x86_64,,NOT INSTALLED
sao-ar-vas11,8,Intel(R) Xeon(R) CPU E5-2643 0 @ 3.30GHz,32841760kB,17:12:37 up 820 days,127.0.0.1,/8,192.168.112.16,/25,192.168.113.16,/25,192.168.100.80,/23,,,,,RHSA-2013:1783,perf-debuginfo-2.6.32-279.39.1.el6.x86_64,,NOT INSTALLED
sao-ar-vas11,8,Intel(R) Xeon(R) CPU E5-2643 0 @ 3.30GHz,32841760kB,17:12:37 up 820 days,127.0.0.1,/8,192.168.112.16,/25,192.168.113.16,/25,192.168.100.80,/23,,,,,RHSA-2013:1783,python-perf-2.6.32-279.39.1.el6.x86_64,,NOT INSTALLED
sao-ar-vas11,8,Intel(R) Xeon(R) CPU E5-2643 0 @ 3.30GHz,32841760kB,17:12:37 up 820 days,127.0.0.1,/8,192.168.112.16,/25,192.168.113.16,/25,192.168.100.80,/23,,,,,RHSA-2013:1783,python-perf-debuginfo-2.6.32-279.39.1.el6.x86_64,,NOT INSTALLED
sao-ar-vas11,8,Intel(R) Xeon(R) CPU E5-2643 0 @ 3.30GHz,32841760kB,17:12:37 up 820 days,127.0.0.1,/8,192.168.112.16,/25,192.168.113.16,/25,192.168.100.80,/23,,,,,RHSA-2013:1783,python-perf-debuginfo-2.6.32-279.39.1.el6.x86_64,,NOT INSTALLED
sao-ar-vas11,8,Intel(R) Xeon(R) CPU E5-2643 0 @ 3.30GHz,32841760kB,17:12:37 up 820 days,127.0.0.1,/8,192.168.112.16,/25,192.168.113.16,/25,192.168.100.80,/23,,,,,RHSA-2013:1840,nss-3.13.6-3.el6_3.i686,,NOT INSTALLED
sao-ar-vas11,8,Intel(R) Xeon(R) CPU E5-2643 0 @ 3.30GHz,32841760kB,17:12:38 up 820 days,127.0.0.1,/8,192.168.112.16,/25,192.168.113.16,/25,192.168.100.80,/23,,,,,RHSA-2013:1840,nss-3.13.6-3.el6_3.x86_64,nss-3.13.3-6.el6.x86_64,TO BE PATCHED
sao-ar-vas11,8,Intel(R) Xeon(R) CPU E5-2643 0 @ 3.30GHz,32841760kB,17:12:38 up 820 days,127.0.0.1,/8,192.168.112.16,/25,192.168.113.16,/25,192.168.100.80,/23,,,,,RHSA-2013:1840,nss-debuginfo-3.13.6-3.el6_3.i686,,NOT INSTALLED
sao-ar-vas11,8,Intel(R) Xeon(R) CPU E5-2643 0 @ 3.30GHz,32841760kB,17:12:38 up 820 days,127.0.0.1,/8,192.168.112.16,/25,192.168.113.16,/25,192.168.100.80,/23,,,,,RHSA-2013:1840,nss-debuginfo-3.13.6-3.el6_3.i686,,NOT INSTALLED
sao-ar-vas11,8,Intel(R) Xeon(R) CPU E5-2643 0 @ 3.30GHz,32841760kB,17:12:38 up 820 days,127.0.0.1,/8,192.168.112.16,/25,192.168.113.16,/25,192.168.100.80,/23,,,,,RHSA-2013:1840,nss-debuginfo-3.13.6-3.el6_3.x86_64,,NOT INSTALLED
sao-ar-vas11,8,Intel(R) Xeon(R) CPU E5-2643 0 @ 3.30GHz,32841760kB,17:12:38 up 820 days,127.0.0.1,/8,192.168.112.16,/25,192.168.113.16,/25,192.168.100.80,/23,,,,,RHSA-2013:1840,nss-debuginfo-3.13.6-3.el6_3.x86_64,,NOT INSTALLED
sao-ar-vas11,8,Intel(R) Xeon(R) CPU E5-2643 0 @ 3.30GHz,32841760kB,17:12:38 up 820 days,127.0.0.1,/8,192.168.112.16,/25,192.168.113.16,/25,192.168.100.80,/23,,,,,RHSA-2013:1840,nss-devel-3.13.6-3.el6_3.i686,,NOT INSTALLED
sao-ar-vas11,8,Intel(R) Xeon(R) CPU E5-2643 0 @ 3.30GHz,32841760kB,17:12:38 up 820 days,127.0.0.1,/8,192.168.112.16,/25,192.168.113.16,/25,192.168.100.80,/23,,,,,RHSA-2013:1840,nss-devel-3.13.6-3.el6_3.x86_64,,NOT INSTALLED
sao-ar-vas11,8,Intel(R) Xeon(R) CPU E5-2643 0 @ 3.30GHz,32841760kB,17:12:38 up 820 days,127.0.0.1,/8,192.168.112.16,/25,192.168.113.16,/25,192.168.100.80,/23,,,,,RHSA-2013:1840,nss-pkcs11-devel-3.13.6-3.el6_3.i686,,NOT INSTALLED
sao-ar-vas11,8,Intel(R) Xeon(R) CPU E5-2643 0 @ 3.30GHz,32841760kB,17:12:39 up 820 days,127.0.0.1,/8,192.168.112.16,/25,192.168.113.16,/25,192.168.100.80,/23,,,,,RHSA-2013:1840,nss-pkcs11-devel-3.13.6-3.el6_3.x86_64,,NOT INSTALLED
sao-ar-vas11,8,Intel(R) Xeon(R) CPU E5-2643 0 @ 3.30GHz,32841760kB,17:12:39 up 820 days,127.0.0.1,/8,192.168.112.16,/25,192.168.113.16,/25,192.168.100.80,/23,,,,,RHSA-2013:1840,nss-sysinit-3.13.6-3.el6_3.x86_64,nss-sysinit-3.13.3-6.el6.x86_64,TO BE PATCHED
sao-ar-vas11,8,Intel(R) Xeon(R) CPU E5-2643 0 @ 3.30GHz,32841760kB,17:12:39 up 820 days,127.0.0.1,/8,192.168.112.16,/25,192.168.113.16,/25,192.168.100.80,/23,,,,,RHSA-2013:1840,nss-tools-3.13.6-3.el6_3.x86_64,nss-tools-3.13.3-6.el6.x86_64,TO BE PATCHED
sao-ar-vas11,8,Intel(R) Xeon(R) CPU E5-2643 0 @ 3.30GHz,32841760kB,17:12:39 up 820 days,127.0.0.1,/8,192.168.112.16,/25,192.168.113.16,/25,192.168.100.80,/23,,,,,RHSA-2013:1467,java-1.7.0-ibm-1.7.0.3.0-1jpp.2.el6_3.x86_64,,NOT INSTALLED
sao-ar-vas11,8,Intel(R) Xeon(R) CPU E5-2643 0 @ 3.30GHz,32841760kB,17:12:39 up 820 days,127.0.0.1,/8,192.168.112.16,/25,192.168.113.16,/25,192.168.100.80,/23,,,,,RHSA-2013:1467,java-1.7.0-ibm-demo-1.7.0.3.0-1jpp.2.el6_3.x86_64,,NOT INSTALLED
sao-ar-vas11,8,Intel(R) Xeon(R) CPU E5-2643 0 @ 3.30GHz,32841760kB,17:12:39 up 820 days,127.0.0.1,/8,192.168.112.16,/25,192.168.113.16,/25,192.168.100.80,/23,,,,,RHSA-2013:1467,java-1.7.0-ibm-devel-1.7.0.3.0-1jpp.2.el6_3.x86_64,,NOT INSTALLED
sao-ar-vas11,8,Intel(R) Xeon(R) CPU E5-2643 0 @ 3.30GHz,32841760kB,17:12:39 up 820 days,127.0.0.1,/8,192.168.112.16,/25,192.168.113.16,/25,192.168.100.80,/23,,,,,RHSA-2013:1467,java-1.7.0-ibm-jdbc-1.7.0.3.0-1jpp.2.el6_3.x86_64,,NOT INSTALLED
sao-ar-vas11,8,Intel(R) Xeon(R) CPU E5-2643 0 @ 3.30GHz,32841760kB,17:12:39 up 820 days,127.0.0.1,/8,192.168.112.16,/25,192.168.113.16,/25,192.168.100.80,/23,,,,,RHSA-2013:1467,java-1.7.0-ibm-plugin-1.7.0.3.0-1jpp.2.el6_3.x86_64,,NOT INSTALLED
sao-ar-vas11,8,Intel(R) Xeon(R) CPU E5-2643 0 @ 3.30GHz,32841760kB,17:12:39 up 820 days,127.0.0.1,/8,192.168.112.16,/25,192.168.113.16,/25,192.168.100.80,/23,,,,,RHSA-2013:1467,java-1.7.0-ibm-src-1.7.0.3.0-1jpp.2.el6_3.x86_64,,NOT INSTALLED
sao-ar-vas11,8,Intel(R) Xeon(R) CPU E5-2643 0 @ 3.30GHz,32841760kB,17:12:40 up 820 days,127.0.0.1,/8,192.168.112.16,/25,192.168.113.16,/25,192.168.100.80,/23,,,,,RHSA-2013:1466,java-1.6.0-ibm-1.6.0.12.0-1jpp.1.el6_3.x86_64,,NOT INSTALLED
sao-ar-vas11,8,Intel(R) Xeon(R) CPU E5-2643 0 @ 3.30GHz,32841760kB,17:12:40 up 820 days,127.0.0.1,/8,192.168.112.16,/25,192.168.113.16,/25,192.168.100.80,/23,,,,,RHSA-2013:1466,java-1.6.0-ibm-demo-1.6.0.12.0-1jpp.1.el6_3.x86_64,,NOT INSTALLED
sao-ar-vas11,8,Intel(R) Xeon(R) CPU E5-2643 0 @ 3.30GHz,32841760kB,17:12:40 up 820 days,127.0.0.1,/8,192.168.112.16,/25,192.168.113.16,/25,192.168.100.80,/23,,,,,RHSA-2013:1466,java-1.6.0-ibm-devel-1.6.0.12.0-1jpp.1.el6_3.i686,,NOT INSTALLED
sao-ar-vas11,8,Intel(R) Xeon(R) CPU E5-2643 0 @ 3.30GHz,32841760kB,17:12:40 up 820 days,127.0.0.1,/8,192.168.112.16,/25,192.168.113.16,/25,192.168.100.80,/23,,,,,RHSA-2013:1466,java-1.6.0-ibm-devel-1.6.0.12.0-1jpp.1.el6_3.x86_64,,NOT INSTALLED
sao-ar-vas11,8,Intel(R) Xeon(R) CPU E5-2643 0 @ 3.30GHz,32841760kB,17:12:40 up 820 days,127.0.0.1,/8,192.168.112.16,/25,192.168.113.16,/25,192.168.100.80,/23,,,,,RHSA-2013:1466,java-1.6.0-ibm-javacomm-1.6.0.12.0-1jpp.1.el6_3.x86_64,,NOT INSTALLED
sao-ar-vas11,8,Intel(R) Xeon(R) CPU E5-2643 0 @ 3.30GHz,32841760kB,17:12:40 up 820 days,127.0.0.1,/8,192.168.112.16,/25,192.168.113.16,/25,192.168.100.80,/23,,,,,RHSA-2013:1466,java-1.6.0-ibm-jdbc-1.6.0.12.0-1jpp.1.el6_3.x86_64,,NOT INSTALLED
sao-ar-vas11,8,Intel(R) Xeon(R) CPU E5-2643 0 @ 3.30GHz,32841760kB,17:12:40 up 820 days,127.0.0.1,/8,192.168.112.16,/25,192.168.113.16,/25,192.168.100.80,/23,,,,,RHSA-2013:1466,java-1.6.0-ibm-plugin-1.6.0.12.0-1jpp.1.el6_3.x86_64,,NOT INSTALLED
sao-ar-vas11,8,Intel(R) Xeon(R) CPU E5-2643 0 @ 3.30GHz,32841760kB,17:12:40 up 820 days,127.0.0.1,/8,192.168.112.16,/25,192.168.113.16,/25,192.168.100.80,/23,,,,,RHSA-2013:1466,java-1.6.0-ibm-src-1.6.0.12.0-1jpp.1.el6_3.x86_64,,NOT INSTALLED
sao-ar-vas11,8,Intel(R) Xeon(R) CPU E5-2643 0 @ 3.30GHz,32841760kB,17:12:40 up 820 days,127.0.0.1,/8,192.168.112.16,/25,192.168.113.16,/25,192.168.100.80,/23,,,,,RHSA-2013:1465,java-1.5.0-ibm-1.5.0.15.0-1jpp.1.el6_3.x86_64,,NOT INSTALLED
sao-ar-vas11,8,Intel(R) Xeon(R) CPU E5-2643 0 @ 3.30GHz,32841760kB,17:12:40 up 820 days,127.0.0.1,/8,192.168.112.16,/25,192.168.113.16,/25,192.168.100.80,/23,,,,,RHSA-2013:1465,java-1.5.0-ibm-demo-1.5.0.15.0-1jpp.1.el6_3.x86_64,,NOT INSTALLED
sao-ar-vas11,8,Intel(R) Xeon(R) CPU E5-2643 0 @ 3.30GHz,32841760kB,17:12:41 up 820 days,127.0.0.1,/8,192.168.112.16,/25,192.168.113.16,/25,192.168.100.80,/23,,,,,RHSA-2013:1465,java-1.5.0-ibm-devel-1.5.0.15.0-1jpp.1.el6_3.i686,,NOT INSTALLED
sao-ar-vas11,8,Intel(R) Xeon(R) CPU E5-2643 0 @ 3.30GHz,32841760kB,17:12:41 up 820 days,127.0.0.1,/8,192.168.112.16,/25,192.168.113.16,/25,192.168.100.80,/23,,,,,RHSA-2013:1465,java-1.5.0-ibm-devel-1.5.0.15.0-1jpp.1.el6_3.x86_64,,NOT INSTALLED
sao-ar-vas11,8,Intel(R) Xeon(R) CPU E5-2643 0 @ 3.30GHz,32841760kB,17:12:41 up 820 days,127.0.0.1,/8,192.168.112.16,/25,192.168.113.16,/25,192.168.100.80,/23,,,,,RHSA-2013:1465,java-1.5.0-ibm-javacomm-1.5.0.15.0-1jpp.1.el6_3.x86_64,,NOT INSTALLED
sao-ar-vas11,8,Intel(R) Xeon(R) CPU E5-2643 0 @ 3.30GHz,32841760kB,17:12:41 up 820 days,127.0.0.1,/8,192.168.112.16,/25,192.168.113.16,/25,192.168.100.80,/23,,,,,RHSA-2013:1465,java-1.5.0-ibm-src-1.5.0.15.0-1jpp.1.el6_3.x86_64,,NOT INSTALLED
sao-ar-vas11,8,Intel(R) Xeon(R) CPU E5-2643 0 @ 3.30GHz,32841760kB,17:12:41 up 820 days,127.0.0.1,/8,192.168.112.16,/25,192.168.113.16,/25,192.168.100.80,/23,,,,,RHSA-2013:0145,thunderbird-10.0.12-3.el6_3.x86_64,,NOT INSTALLED
sao-ar-vas11,8,Intel(R) Xeon(R) CPU E5-2643 0 @ 3.30GHz,32841760kB,17:12:41 up 820 days,127.0.0.1,/8,192.168.112.16,/25,192.168.113.16,/25,192.168.100.80,/23,,,,,RHSA-2013:0145,thunderbird-debuginfo-10.0.12-3.el6_3.x86_64,,NOT INSTALLED
sao-ar-vas11,8,Intel(R) Xeon(R) CPU E5-2643 0 @ 3.30GHz,32841760kB,17:12:41 up 820 days,127.0.0.1,/8,192.168.112.16,/25,192.168.113.16,/25,192.168.100.80,/23,,,,,RHSA-2013:0144,firefox-10.0.12-1.el6_3.i686,,NOT INSTALLED
sao-ar-vas11,8,Intel(R) Xeon(R) CPU E5-2643 0 @ 3.30GHz,32841760kB,17:12:41 up 820 days,127.0.0.1,/8,192.168.112.16,/25,192.168.113.16,/25,192.168.100.80,/23,,,,,RHSA-2013:0144,firefox-10.0.12-1.el6_3.x86_64,,NOT INSTALLED
sao-ar-vas11,8,Intel(R) Xeon(R) CPU E5-2643 0 @ 3.30GHz,32841760kB,17:12:41 up 820 days,127.0.0.1,/8,192.168.112.16,/25,192.168.113.16,/25,192.168.100.80,/23,,,,,RHSA-2013:0144,firefox-debuginfo-10.0.12-1.el6_3.i686,,NOT INSTALLED
sao-ar-vas11,8,Intel(R) Xeon(R) CPU E5-2643 0 @ 3.30GHz,32841760kB,17:12:41 up 820 days,127.0.0.1,/8,192.168.112.16,/25,192.168.113.16,/25,192.168.100.80,/23,,,,,RHSA-2013:0144,firefox-debuginfo-10.0.12-1.el6_3.x86_64,,NOT INSTALLED
sao-ar-vas11,8,Intel(R) Xeon(R) CPU E5-2643 0 @ 3.30GHz,32841760kB,17:12:42 up 820 days,127.0.0.1,/8,192.168.112.16,/25,192.168.113.16,/25,192.168.100.80,/23,,,,,RHSA-2013:0144,xulrunner-10.0.12-1.el6_3.i686,,NOT INSTALLED
sao-ar-vas11,8,Intel(R) Xeon(R) CPU E5-2643 0 @ 3.30GHz,32841760kB,17:12:42 up 820 days,127.0.0.1,/8,192.168.112.16,/25,192.168.113.16,/25,192.168.100.80,/23,,,,,RHSA-2013:0144,xulrunner-10.0.12-1.el6_3.x86_64,,NOT INSTALLED
sao-ar-vas11,8,Intel(R) Xeon(R) CPU E5-2643 0 @ 3.30GHz,32841760kB,17:12:42 up 820 days,127.0.0.1,/8,192.168.112.16,/25,192.168.113.16,/25,192.168.100.80,/23,,,,,RHSA-2013:0144,xulrunner-debuginfo-10.0.12-1.el6_3.i686,,NOT INSTALLED
sao-ar-vas11,8,Intel(R) Xeon(R) CPU E5-2643 0 @ 3.30GHz,32841760kB,17:12:42 up 820 days,127.0.0.1,/8,192.168.112.16,/25,192.168.113.16,/25,192.168.100.80,/23,,,,,RHSA-2013:0144,xulrunner-debuginfo-10.0.12-1.el6_3.i686,,NOT INSTALLED
sao-ar-vas11,8,Intel(R) Xeon(R) CPU E5-2643 0 @ 3.30GHz,32841760kB,17:12:42 up 820 days,127.0.0.1,/8,192.168.112.16,/25,192.168.113.16,/25,192.168.100.80,/23,,,,,RHSA-2013:0144,xulrunner-debuginfo-10.0.12-1.el6_3.x86_64,,NOT INSTALLED
sao-ar-vas11,8,Intel(R) Xeon(R) CPU E5-2643 0 @ 3.30GHz,32841760kB,17:12:42 up 820 days,127.0.0.1,/8,192.168.112.16,/25,192.168.113.16,/25,192.168.100.80,/23,,,,,RHSA-2013:0144,xulrunner-debuginfo-10.0.12-1.el6_3.x86_64,,NOT INSTALLED
sao-ar-vas11,8,Intel(R) Xeon(R) CPU E5-2643 0 @ 3.30GHz,32841760kB,17:12:42 up 820 days,127.0.0.1,/8,192.168.112.16,/25,192.168.113.16,/25,192.168.100.80,/23,,,,,RHSA-2013:0144,xulrunner-devel-10.0.12-1.el6_3.i686,,NOT INSTALLED
sao-ar-vas11,8,Intel(R) Xeon(R) CPU E5-2643 0 @ 3.30GHz,32841760kB,17:12:42 up 820 days,127.0.0.1,/8,192.168.112.16,/25,192.168.113.16,/25,192.168.100.80,/23,,,,,RHSA-2013:0144,xulrunner-devel-10.0.12-1.el6_3.x86_64,,NOT INSTALLED
sao-ar-vas11,8,Intel(R) Xeon(R) CPU E5-2643 0 @ 3.30GHz,32841760kB,17:12:42 up 820 days,127.0.0.1,/8,192.168.112.16,/25,192.168.113.16,/25,192.168.100.80,/23,,,,,RHSA-2013:0149,flash-plugin-11.2.202.261-1.el6.i686,,NOT INSTALLED
sao-ar-vas11,8,Intel(R) Xeon(R) CPU E5-2643 0 @ 3.30GHz,32841760kB,17:12:43 up 820 days,127.0.0.1,/8,192.168.112.16,/25,192.168.113.16,/25,192.168.100.80,/23,,,,,RHSA-2013:0150,acroread-9.5.3-1.el6_3.i686,,NOT INSTALLED
sao-ar-vas11,8,Intel(R) Xeon(R) CPU E5-2643 0 @ 3.30GHz,32841760kB,17:12:43 up 820 days,127.0.0.1,/8,192.168.112.16,/25,192.168.113.16,/25,192.168.100.80,/23,,,,,RHSA-2013:0150,acroread-plugin-9.5.3-1.el6_3.i686,,NOT INSTALLED
sao-ar-vas11,8,Intel(R) Xeon(R) CPU E5-2643 0 @ 3.30GHz,32841760kB,17:12:43 up 820 days,127.0.0.1,/8,192.168.112.16,/25,192.168.113.16,/25,192.168.100.80,/23,,,,,RHSA-2013:0245,java-1.6.0-openjdk-1.6.0.0-1.54.1.11.6.el6_3.x86_64,,NOT INSTALLED
sao-ar-vas11,8,Intel(R) Xeon(R) CPU E5-2643 0 @ 3.30GHz,32841760kB,17:12:43 up 820 days,127.0.0.1,/8,192.168.112.16,/25,192.168.113.16,/25,192.168.100.80,/23,,,,,RHSA-2013:0245,java-1.6.0-openjdk-debuginfo-1.6.0.0-1.54.1.11.6.el6_3.x86_64,,NOT INSTALLED
sao-ar-vas11,8,Intel(R) Xeon(R) CPU E5-2643 0 @ 3.30GHz,32841760kB,17:12:43 up 820 days,127.0.0.1,/8,192.168.112.16,/25,192.168.113.16,/25,192.168.100.80,/23,,,,,RHSA-2013:0245,java-1.6.0-openjdk-debuginfo-1.6.0.0-1.54.1.11.6.el6_3.x86_64,,NOT INSTALLED
sao-ar-vas11,8,Intel(R) Xeon(R) CPU E5-2643 0 @ 3.30GHz,32841760kB,17:12:43 up 820 days,127.0.0.1,/8,192.168.112.16,/25,192.168.113.16,/25,192.168.100.80,/23,,,,,RHSA-2013:0245,java-1.6.0-openjdk-demo-1.6.0.0-1.54.1.11.6.el6_3.x86_64,,NOT INSTALLED
sao-ar-vas11,8,Intel(R) Xeon(R) CPU E5-2643 0 @ 3.30GHz,32841760kB,17:12:43 up 820 days,127.0.0.1,/8,192.168.112.16,/25,192.168.113.16,/25,192.168.100.80,/23,,,,,RHSA-2013:0245,java-1.6.0-openjdk-devel-1.6.0.0-1.54.1.11.6.el6_3.x86_64,,NOT INSTALLED
sao-ar-vas11,8,Intel(R) Xeon(R) CPU E5-2643 0 @ 3.30GHz,32841760kB,17:12:43 up 820 days,127.0.0.1,/8,192.168.112.16,/25,192.168.113.16,/25,192.168.100.80,/23,,,,,RHSA-2013:0245,java-1.6.0-openjdk-javadoc-1.6.0.0-1.54.1.11.6.el6_3.x86_64,,NOT INSTALLED
sao-ar-vas11,8,Intel(R) Xeon(R) CPU E5-2643 0 @ 3.30GHz,32841760kB,17:12:43 up 820 days,127.0.0.1,/8,192.168.112.16,/25,192.168.113.16,/25,192.168.100.80,/23,,,,,RHSA-2013:0245,java-1.6.0-openjdk-src-1.6.0.0-1.54.1.11.6.el6_3.x86_64,,NOT INSTALLED
sao-ar-vas11,8,Intel(R) Xeon(R) CPU E5-2643 0 @ 3.30GHz,32841760kB,17:12:43 up 820 days,127.0.0.1,/8,192.168.112.16,/25,192.168.113.16,/25,192.168.100.80,/23,,,,,RHSA-2013:0243,flash-plugin-11.2.202.262-1.el6.i686,,NOT INSTALLED
sao-ar-vas11,8,Intel(R) Xeon(R) CPU E5-2643 0 @ 3.30GHz,32841760kB,17:12:44 up 820 days,127.0.0.1,/8,192.168.112.16,/25,192.168.113.16,/25,192.168.100.80,/23,,,,,RHSA-2013:0254,flash-plugin-11.2.202.270-1.el6.i686,,NOT INSTALLED
sao-ar-vas11,8,Intel(R) Xeon(R) CPU E5-2643 0 @ 3.30GHz,32841760kB,17:12:44 up 820 days,127.0.0.1,/8,192.168.112.16,/25,192.168.113.16,/25,192.168.100.80,/23,,,,,RHSA-2013:0271,firefox-17.0.3-1.el6_3.i686,,NOT INSTALLED
sao-ar-vas11,8,Intel(R) Xeon(R) CPU E5-2643 0 @ 3.30GHz,32841760kB,17:12:44 up 820 days,127.0.0.1,/8,192.168.112.16,/25,192.168.113.16,/25,192.168.100.80,/23,,,,,RHSA-2013:0271,firefox-17.0.3-1.el6_3.x86_64,,NOT INSTALLED
sao-ar-vas11,8,Intel(R) Xeon(R) CPU E5-2643 0 @ 3.30GHz,32841760kB,17:12:44 up 820 days,127.0.0.1,/8,192.168.112.16,/25,192.168.113.16,/25,192.168.100.80,/23,,,,,RHSA-2013:0271,firefox-debuginfo-17.0.3-1.el6_3.i686,,NOT INSTALLED
sao-ar-vas11,8,Intel(R) Xeon(R) CPU E5-2643 0 @ 3.30GHz,32841760kB,17:12:44 up 820 days,127.0.0.1,/8,192.168.112.16,/25,192.168.113.16,/25,192.168.100.80,/23,,,,,RHSA-2013:0271,firefox-debuginfo-17.0.3-1.el6_3.x86_64,,NOT INSTALLED
sao-ar-vas11,8,Intel(R) Xeon(R) CPU E5-2643 0 @ 3.30GHz,32841760kB,17:12:44 up 820 days,127.0.0.1,/8,192.168.112.16,/25,192.168.113.16,/25,192.168.100.80,/23,,,,,RHSA-2013:0271,libproxy-0.3.0-4.el6_3.i686,,NOT INSTALLED
sao-ar-vas11,8,Intel(R) Xeon(R) CPU E5-2643 0 @ 3.30GHz,32841760kB,17:12:44 up 820 days,127.0.0.1,/8,192.168.112.16,/25,192.168.113.16,/25,192.168.100.80,/23,,,,,RHSA-2013:0271,libproxy-0.3.0-4.el6_3.x86_64,,NOT INSTALLED
sao-ar-vas11,8,Intel(R) Xeon(R) CPU E5-2643 0 @ 3.30GHz,32841760kB,17:12:44 up 820 days,127.0.0.1,/8,192.168.112.16,/25,192.168.113.16,/25,192.168.100.80,/23,,,,,RHSA-2013:0271,libproxy-bin-0.3.0-4.el6_3.x86_64,,NOT INSTALLED
sao-ar-vas11,8,Intel(R) Xeon(R) CPU E5-2643 0 @ 3.30GHz,32841760kB,17:12:44 up 820 days,127.0.0.1,/8,192.168.112.16,/25,192.168.113.16,/25,192.168.100.80,/23,,,,,RHSA-2013:0271,libproxy-debuginfo-0.3.0-4.el6_3.i686,,NOT INSTALLED
sao-ar-vas11,8,Intel(R) Xeon(R) CPU E5-2643 0 @ 3.30GHz,32841760kB,17:12:44 up 820 days,127.0.0.1,/8,192.168.112.16,/25,192.168.113.16,/25,192.168.100.80,/23,,,,,RHSA-2013:0271,libproxy-debuginfo-0.3.0-4.el6_3.i686,,NOT INSTALLED
sao-ar-vas11,8,Intel(R) Xeon(R) CPU E5-2643 0 @ 3.30GHz,32841760kB,17:12:45 up 820 days,127.0.0.1,/8,192.168.112.16,/25,192.168.113.16,/25,192.168.100.80,/23,,,,,RHSA-2013:0271,libproxy-debuginfo-0.3.0-4.el6_3.x86_64,,NOT INSTALLED
sao-ar-vas11,8,Intel(R) Xeon(R) CPU E5-2643 0 @ 3.30GHz,32841760kB,17:12:45 up 820 days,127.0.0.1,/8,192.168.112.16,/25,192.168.113.16,/25,192.168.100.80,/23,,,,,RHSA-2013:0271,libproxy-debuginfo-0.3.0-4.el6_3.x86_64,,NOT INSTALLED
sao-ar-vas11,8,Intel(R) Xeon(R) CPU E5-2643 0 @ 3.30GHz,32841760kB,17:12:45 up 820 days,127.0.0.1,/8,192.168.112.16,/25,192.168.113.16,/25,192.168.100.80,/23,,,,,RHSA-2013:0271,libproxy-devel-0.3.0-4.el6_3.i686,,NOT INSTALLED
sao-ar-vas11,8,Intel(R) Xeon(R) CPU E5-2643 0 @ 3.30GHz,32841760kB,17:12:45 up 820 days,127.0.0.1,/8,192.168.112.16,/25,192.168.113.16,/25,192.168.100.80,/23,,,,,RHSA-2013:0271,libproxy-devel-0.3.0-4.el6_3.x86_64,,NOT INSTALLED
sao-ar-vas11,8,Intel(R) Xeon(R) CPU E5-2643 0 @ 3.30GHz,32841760kB,17:12:45 up 820 days,127.0.0.1,/8,192.168.112.16,/25,192.168.113.16,/25,192.168.100.80,/23,,,,,RHSA-2013:0271,libproxy-gnome-0.3.0-4.el6_3.x86_64,,NOT INSTALLED
sao-ar-vas11,8,Intel(R) Xeon(R) CPU E5-2643 0 @ 3.30GHz,32841760kB,17:12:45 up 820 days,127.0.0.1,/8,192.168.112.16,/25,192.168.113.16,/25,192.168.100.80,/23,,,,,RHSA-2013:0271,libproxy-kde-0.3.0-4.el6_3.x86_64,,NOT INSTALLED
sao-ar-vas11,8,Intel(R) Xeon(R) CPU E5-2643 0 @ 3.30GHz,32841760kB,17:12:45 up 820 days,127.0.0.1,/8,192.168.112.16,/25,192.168.113.16,/25,192.168.100.80,/23,,,,,RHSA-2013:0271,libproxy-mozjs-0.3.0-4.el6_3.x86_64,,NOT INSTALLED
sao-ar-vas11,8,Intel(R) Xeon(R) CPU E5-2643 0 @ 3.30GHz,32841760kB,17:12:45 up 820 days,127.0.0.1,/8,192.168.112.16,/25,192.168.113.16,/25,192.168.100.80,/23,,,,,RHSA-2013:0271,libproxy-python-0.3.0-4.el6_3.x86_64,,NOT INSTALLED
sao-ar-vas11,8,Intel(R) Xeon(R) CPU E5-2643 0 @ 3.30GHz,32841760kB,17:12:45 up 820 days,127.0.0.1,/8,192.168.112.16,/25,192.168.113.16,/25,192.168.100.80,/23,,,,,RHSA-2013:0271,libproxy-webkit-0.3.0-4.el6_3.x86_64,,NOT INSTALLED
sao-ar-vas11,8,Intel(R) Xeon(R) CPU E5-2643 0 @ 3.30GHz,32841760kB,17:12:45 up 820 days,127.0.0.1,/8,192.168.112.16,/25,192.168.113.16,/25,192.168.100.80,/23,,,,,RHSA-2013:0271,xulrunner-17.0.3-1.el6_3.i686,,NOT INSTALLED
sao-ar-vas11,8,Intel(R) Xeon(R) CPU E5-2643 0 @ 3.30GHz,32841760kB,17:12:46 up 820 days,127.0.0.1,/8,192.168.112.16,/25,192.168.113.16,/25,192.168.100.80,/23,,,,,RHSA-2013:0271,xulrunner-17.0.3-1.el6_3.x86_64,,NOT INSTALLED
sao-ar-vas11,8,Intel(R) Xeon(R) CPU E5-2643 0 @ 3.30GHz,32841760kB,17:12:46 up 820 days,127.0.0.1,/8,192.168.112.16,/25,192.168.113.16,/25,192.168.100.80,/23,,,,,RHSA-2013:0271,xulrunner-debuginfo-17.0.3-1.el6_3.i686,,NOT INSTALLED
sao-ar-vas11,8,Intel(R) Xeon(R) CPU E5-2643 0 @ 3.30GHz,32841760kB,17:12:46 up 820 days,127.0.0.1,/8,192.168.112.16,/25,192.168.113.16,/25,192.168.100.80,/23,,,,,RHSA-2013:0271,xulrunner-debuginfo-17.0.3-1.el6_3.i686,,NOT INSTALLED
sao-ar-vas11,8,Intel(R) Xeon(R) CPU E5-2643 0 @ 3.30GHz,32841760kB,17:12:46 up 820 days,127.0.0.1,/8,192.168.112.16,/25,192.168.113.16,/25,192.168.100.80,/23,,,,,RHSA-2013:0271,xulrunner-debuginfo-17.0.3-1.el6_3.x86_64,,NOT INSTALLED
sao-ar-vas11,8,Intel(R) Xeon(R) CPU E5-2643 0 @ 3.30GHz,32841760kB,17:12:46 up 820 days,127.0.0.1,/8,192.168.112.16,/25,192.168.113.16,/25,192.168.100.80,/23,,,,,RHSA-2013:0271,xulrunner-debuginfo-17.0.3-1.el6_3.x86_64,,NOT INSTALLED
sao-ar-vas11,8,Intel(R) Xeon(R) CPU E5-2643 0 @ 3.30GHz,32841760kB,17:12:46 up 820 days,127.0.0.1,/8,192.168.112.16,/25,192.168.113.16,/25,192.168.100.80,/23,,,,,RHSA-2013:0271,xulrunner-devel-17.0.3-1.el6_3.i686,,NOT INSTALLED
sao-ar-vas11,8,Intel(R) Xeon(R) CPU E5-2643 0 @ 3.30GHz,32841760kB,17:12:46 up 820 days,127.0.0.1,/8,192.168.112.16,/25,192.168.113.16,/25,192.168.100.80,/23,,,,,RHSA-2013:0271,xulrunner-devel-17.0.3-1.el6_3.x86_64,,NOT INSTALLED
sao-ar-vas11,8,Intel(R) Xeon(R) CPU E5-2643 0 @ 3.30GHz,32841760kB,17:12:46 up 820 days,127.0.0.1,/8,192.168.112.16,/25,192.168.113.16,/25,192.168.100.80,/23,,,,,RHSA-2013:0271,yelp-2.28.1-17.el6_3.x86_64,,NOT INSTALLED
sao-ar-vas11,8,Intel(R) Xeon(R) CPU E5-2643 0 @ 3.30GHz,32841760kB,17:12:46 up 820 days,127.0.0.1,/8,192.168.112.16,/25,192.168.113.16,/25,192.168.100.80,/23,,,,,RHSA-2013:0271,yelp-debuginfo-2.28.1-17.el6_3.x86_64,,NOT INSTALLED
sao-ar-vas11,8,Intel(R) Xeon(R) CPU E5-2643 0 @ 3.30GHz,32841760kB,17:12:46 up 820 days,127.0.0.1,/8,192.168.112.16,/25,192.168.113.16,/25,192.168.100.80,/23,,,,,RHSA-2013:0272,thunderbird-17.0.3-1.el6_3.x86_64,,NOT INSTALLED
sao-ar-vas11,8,Intel(R) Xeon(R) CPU E5-2643 0 @ 3.30GHz,32841760kB,17:12:47 up 820 days,127.0.0.1,/8,192.168.112.16,/25,192.168.113.16,/25,192.168.100.80,/23,,,,,RHSA-2013:0272,thunderbird-debuginfo-17.0.3-1.el6_3.x86_64,,NOT INSTALLED
sao-ar-vas11,8,Intel(R) Xeon(R) CPU E5-2643 0 @ 3.30GHz,32841760kB,17:12:47 up 820 days,127.0.0.1,/8,192.168.112.16,/25,192.168.113.16,/25,192.168.100.80,/23,,,,,RHSA-2013:0273,java-1.6.0-openjdk-1.6.0.0-1.56.1.11.8.el6_3.x86_64,,NOT INSTALLED
sao-ar-vas11,8,Intel(R) Xeon(R) CPU E5-2643 0 @ 3.30GHz,32841760kB,17:12:47 up 820 days,127.0.0.1,/8,192.168.112.16,/25,192.168.113.16,/25,192.168.100.80,/23,,,,,RHSA-2013:0273,java-1.6.0-openjdk-debuginfo-1.6.0.0-1.56.1.11.8.el6_3.x86_64,,NOT INSTALLED
sao-ar-vas11,8,Intel(R) Xeon(R) CPU E5-2643 0 @ 3.30GHz,32841760kB,17:12:47 up 820 days,127.0.0.1,/8,192.168.112.16,/25,192.168.113.16,/25,192.168.100.80,/23,,,,,RHSA-2013:0273,java-1.6.0-openjdk-debuginfo-1.6.0.0-1.56.1.11.8.el6_3.x86_64,,NOT INSTALLED
sao-ar-vas11,8,Intel(R) Xeon(R) CPU E5-2643 0 @ 3.30GHz,32841760kB,17:12:47 up 820 days,127.0.0.1,/8,192.168.112.16,/25,192.168.113.16,/25,192.168.100.80,/23,,,,,RHSA-2013:0273,java-1.6.0-openjdk-demo-1.6.0.0-1.56.1.11.8.el6_3.x86_64,,NOT INSTALLED
sao-ar-vas11,8,Intel(R) Xeon(R) CPU E5-2643 0 @ 3.30GHz,32841760kB,17:12:47 up 820 days,127.0.0.1,/8,192.168.112.16,/25,192.168.113.16,/25,192.168.100.80,/23,,,,,RHSA-2013:0273,java-1.6.0-openjdk-devel-1.6.0.0-1.56.1.11.8.el6_3.x86_64,,NOT INSTALLED
sao-ar-vas11,8,Intel(R) Xeon(R) CPU E5-2643 0 @ 3.30GHz,32841760kB,17:12:47 up 820 days,127.0.0.1,/8,192.168.112.16,/25,192.168.113.16,/25,192.168.100.80,/23,,,,,RHSA-2013:0273,java-1.6.0-openjdk-javadoc-1.6.0.0-1.56.1.11.8.el6_3.x86_64,,NOT INSTALLED
sao-ar-vas11,8,Intel(R) Xeon(R) CPU E5-2643 0 @ 3.30GHz,32841760kB,17:12:47 up 820 days,127.0.0.1,/8,192.168.112.16,/25,192.168.113.16,/25,192.168.100.80,/23,,,,,RHSA-2013:0273,java-1.6.0-openjdk-src-1.6.0.0-1.56.1.11.8.el6_3.x86_64,,NOT INSTALLED
sao-ar-vas11,8,Intel(R) Xeon(R) CPU E5-2643 0 @ 3.30GHz,32841760kB,17:12:47 up 820 days,127.0.0.1,/8,192.168.112.16,/25,192.168.113.16,/25,192.168.100.80,/23,,,,,RHSA-2013:1061,php-5.3.3-14.el6_3.1.x86_64,,NOT INSTALLED
sao-ar-vas11,8,Intel(R) Xeon(R) CPU E5-2643 0 @ 3.30GHz,32841760kB,17:12:47 up 820 days,127.0.0.1,/8,192.168.112.16,/25,192.168.113.16,/25,192.168.100.80,/23,,,,,RHSA-2013:1061,php-bcmath-5.3.3-14.el6_3.1.x86_64,,NOT INSTALLED
sao-ar-vas11,8,Intel(R) Xeon(R) CPU E5-2643 0 @ 3.30GHz,32841760kB,17:12:48 up 820 days,127.0.0.1,/8,192.168.112.16,/25,192.168.113.16,/25,192.168.100.80,/23,,,,,RHSA-2013:1061,php-cli-5.3.3-14.el6_3.1.x86_64,,NOT INSTALLED
sao-ar-vas11,8,Intel(R) Xeon(R) CPU E5-2643 0 @ 3.30GHz,32841760kB,17:12:48 up 820 days,127.0.0.1,/8,192.168.112.16,/25,192.168.113.16,/25,192.168.100.80,/23,,,,,RHSA-2013:1061,php-common-5.3.3-14.el6_3.1.x86_64,,NOT INSTALLED
sao-ar-vas11,8,Intel(R) Xeon(R) CPU E5-2643 0 @ 3.30GHz,32841760kB,17:12:48 up 820 days,127.0.0.1,/8,192.168.112.16,/25,192.168.113.16,/25,192.168.100.80,/23,,,,,RHSA-2013:1061,php-dba-5.3.3-14.el6_3.1.x86_64,,NOT INSTALLED
sao-ar-vas11,8,Intel(R) Xeon(R) CPU E5-2643 0 @ 3.30GHz,32841760kB,17:12:48 up 820 days,127.0.0.1,/8,192.168.112.16,/25,192.168.113.16,/25,192.168.100.80,/23,,,,,RHSA-2013:1061,php-debuginfo-5.3.3-14.el6_3.1.x86_64,,NOT INSTALLED
sao-ar-vas11,8,Intel(R) Xeon(R) CPU E5-2643 0 @ 3.30GHz,32841760kB,17:12:48 up 820 days,127.0.0.1,/8,192.168.112.16,/25,192.168.113.16,/25,192.168.100.80,/23,,,,,RHSA-2013:1061,php-debuginfo-5.3.3-14.el6_3.1.x86_64,,NOT INSTALLED
sao-ar-vas11,8,Intel(R) Xeon(R) CPU E5-2643 0 @ 3.30GHz,32841760kB,17:12:48 up 820 days,127.0.0.1,/8,192.168.112.16,/25,192.168.113.16,/25,192.168.100.80,/23,,,,,RHSA-2013:1061,php-devel-5.3.3-14.el6_3.1.x86_64,,NOT INSTALLED
sao-ar-vas11,8,Intel(R) Xeon(R) CPU E5-2643 0 @ 3.30GHz,32841760kB,17:12:48 up 820 days,127.0.0.1,/8,192.168.112.16,/25,192.168.113.16,/25,192.168.100.80,/23,,,,,RHSA-2013:1061,php-embedded-5.3.3-14.el6_3.1.x86_64,,NOT INSTALLED
sao-ar-vas11,8,Intel(R) Xeon(R) CPU E5-2643 0 @ 3.30GHz,32841760kB,17:12:48 up 820 days,127.0.0.1,/8,192.168.112.16,/25,192.168.113.16,/25,192.168.100.80,/23,,,,,RHSA-2013:1061,php-enchant-5.3.3-14.el6_3.1.x86_64,,NOT INSTALLED
sao-ar-vas11,8,Intel(R) Xeon(R) CPU E5-2643 0 @ 3.30GHz,32841760kB,17:12:48 up 820 days,127.0.0.1,/8,192.168.112.16,/25,192.168.113.16,/25,192.168.100.80,/23,,,,,RHSA-2013:1061,php-gd-5.3.3-14.el6_3.1.x86_64,,NOT INSTALLED
sao-ar-vas11,8,Intel(R) Xeon(R) CPU E5-2643 0 @ 3.30GHz,32841760kB,17:12:48 up 820 days,127.0.0.1,/8,192.168.112.16,/25,192.168.113.16,/25,192.168.100.80,/23,,,,,RHSA-2013:1061,php-imap-5.3.3-14.el6_3.1.x86_64,,NOT INSTALLED
sao-ar-vas11,8,Intel(R) Xeon(R) CPU E5-2643 0 @ 3.30GHz,32841760kB,17:12:49 up 820 days,127.0.0.1,/8,192.168.112.16,/25,192.168.113.16,/25,192.168.100.80,/23,,,,,RHSA-2013:1061,php-intl-5.3.3-14.el6_3.1.x86_64,,NOT INSTALLED
sao-ar-vas11,8,Intel(R) Xeon(R) CPU E5-2643 0 @ 3.30GHz,32841760kB,17:12:49 up 820 days,127.0.0.1,/8,192.168.112.16,/25,192.168.113.16,/25,192.168.100.80,/23,,,,,RHSA-2013:1061,php-ldap-5.3.3-14.el6_3.1.x86_64,,NOT INSTALLED
sao-ar-vas11,8,Intel(R) Xeon(R) CPU E5-2643 0 @ 3.30GHz,32841760kB,17:12:49 up 820 days,127.0.0.1,/8,192.168.112.16,/25,192.168.113.16,/25,192.168.100.80,/23,,,,,RHSA-2013:1061,php-mbstring-5.3.3-14.el6_3.1.x86_64,,NOT INSTALLED
sao-ar-vas11,8,Intel(R) Xeon(R) CPU E5-2643 0 @ 3.30GHz,32841760kB,17:12:49 up 820 days,127.0.0.1,/8,192.168.112.16,/25,192.168.113.16,/25,192.168.100.80,/23,,,,,RHSA-2013:1061,php-mysql-5.3.3-14.el6_3.1.x86_64,,NOT INSTALLED
sao-ar-vas11,8,Intel(R) Xeon(R) CPU E5-2643 0 @ 3.30GHz,32841760kB,17:12:49 up 820 days,127.0.0.1,/8,192.168.112.16,/25,192.168.113.16,/25,192.168.100.80,/23,,,,,RHSA-2013:1061,php-odbc-5.3.3-14.el6_3.1.x86_64,,NOT INSTALLED
sao-ar-vas11,8,Intel(R) Xeon(R) CPU E5-2643 0 @ 3.30GHz,32841760kB,17:12:49 up 820 days,127.0.0.1,/8,192.168.112.16,/25,192.168.113.16,/25,192.168.100.80,/23,,,,,RHSA-2013:1061,php-pdo-5.3.3-14.el6_3.1.x86_64,,NOT INSTALLED
sao-ar-vas11,8,Intel(R) Xeon(R) CPU E5-2643 0 @ 3.30GHz,32841760kB,17:12:49 up 820 days,127.0.0.1,/8,192.168.112.16,/25,192.168.113.16,/25,192.168.100.80,/23,,,,,RHSA-2013:1061,php-pgsql-5.3.3-14.el6_3.1.x86_64,,NOT INSTALLED
sao-ar-vas11,8,Intel(R) Xeon(R) CPU E5-2643 0 @ 3.30GHz,32841760kB,17:12:49 up 820 days,127.0.0.1,/8,192.168.112.16,/25,192.168.113.16,/25,192.168.100.80,/23,,,,,RHSA-2013:1061,php-process-5.3.3-14.el6_3.1.x86_64,,NOT INSTALLED
sao-ar-vas11,8,Intel(R) Xeon(R) CPU E5-2643 0 @ 3.30GHz,32841760kB,17:12:49 up 820 days,127.0.0.1,/8,192.168.112.16,/25,192.168.113.16,/25,192.168.100.80,/23,,,,,RHSA-2013:1061,php-pspell-5.3.3-14.el6_3.1.x86_64,,NOT INSTALLED
sao-ar-vas11,8,Intel(R) Xeon(R) CPU E5-2643 0 @ 3.30GHz,32841760kB,17:12:49 up 820 days,127.0.0.1,/8,192.168.112.16,/25,192.168.113.16,/25,192.168.100.80,/23,,,,,RHSA-2013:1061,php-recode-5.3.3-14.el6_3.1.x86_64,,NOT INSTALLED
sao-ar-vas11,8,Intel(R) Xeon(R) CPU E5-2643 0 @ 3.30GHz,32841760kB,17:12:50 up 820 days,127.0.0.1,/8,192.168.112.16,/25,192.168.113.16,/25,192.168.100.80,/23,,,,,RHSA-2013:1061,php-snmp-5.3.3-14.el6_3.1.x86_64,,NOT INSTALLED
sao-ar-vas11,8,Intel(R) Xeon(R) CPU E5-2643 0 @ 3.30GHz,32841760kB,17:12:50 up 820 days,127.0.0.1,/8,192.168.112.16,/25,192.168.113.16,/25,192.168.100.80,/23,,,,,RHSA-2013:1061,php-soap-5.3.3-14.el6_3.1.x86_64,,NOT INSTALLED
sao-ar-vas11,8,Intel(R) Xeon(R) CPU E5-2643 0 @ 3.30GHz,32841760kB,17:12:50 up 820 days,127.0.0.1,/8,192.168.112.16,/25,192.168.113.16,/25,192.168.100.80,/23,,,,,RHSA-2013:1061,php-tidy-5.3.3-14.el6_3.1.x86_64,,NOT INSTALLED
sao-ar-vas11,8,Intel(R) Xeon(R) CPU E5-2643 0 @ 3.30GHz,32841760kB,17:12:50 up 820 days,127.0.0.1,/8,192.168.112.16,/25,192.168.113.16,/25,192.168.100.80,/23,,,,,RHSA-2013:1061,php-xml-5.3.3-14.el6_3.1.x86_64,,NOT INSTALLED
sao-ar-vas11,8,Intel(R) Xeon(R) CPU E5-2643 0 @ 3.30GHz,32841760kB,17:12:50 up 820 days,127.0.0.1,/8,192.168.112.16,/25,192.168.113.16,/25,192.168.100.80,/23,,,,,RHSA-2013:1061,php-xmlrpc-5.3.3-14.el6_3.1.x86_64,,NOT INSTALLED
sao-ar-vas11,8,Intel(R) Xeon(R) CPU E5-2643 0 @ 3.30GHz,32841760kB,17:12:50 up 820 days,127.0.0.1,/8,192.168.112.16,/25,192.168.113.16,/25,192.168.100.80,/23,,,,,RHSA-2013:1061,php-zts-5.3.3-14.el6_3.1.x86_64,,NOT INSTALLED
sao-ar-vas11,8,Intel(R) Xeon(R) CPU E5-2643 0 @ 3.30GHz,32841760kB,17:12:50 up 820 days,127.0.0.1,/8,192.168.112.16,/25,192.168.113.16,/25,192.168.100.80,/23,,,,,RHSA-2013:1767,ruby-1.8.7.352-13.el6_3.x86_64,,NOT INSTALLED
sao-ar-vas11,8,Intel(R) Xeon(R) CPU E5-2643 0 @ 3.30GHz,32841760kB,17:12:50 up 820 days,127.0.0.1,/8,192.168.112.16,/25,192.168.113.16,/25,192.168.100.80,/23,,,,,RHSA-2013:1767,ruby-debuginfo-1.8.7.352-13.el6_3.i686,,NOT INSTALLED
sao-ar-vas11,8,Intel(R) Xeon(R) CPU E5-2643 0 @ 3.30GHz,32841760kB,17:12:50 up 820 days,127.0.0.1,/8,192.168.112.16,/25,192.168.113.16,/25,192.168.100.80,/23,,,,,RHSA-2013:1767,ruby-debuginfo-1.8.7.352-13.el6_3.x86_64,,NOT INSTALLED
sao-ar-vas11,8,Intel(R) Xeon(R) CPU E5-2643 0 @ 3.30GHz,32841760kB,17:12:51 up 820 days,127.0.0.1,/8,192.168.112.16,/25,192.168.113.16,/25,192.168.100.80,/23,,,,,RHSA-2013:1767,ruby-debuginfo-1.8.7.352-13.el6_3.x86_64,,NOT INSTALLED
sao-ar-vas11,8,Intel(R) Xeon(R) CPU E5-2643 0 @ 3.30GHz,32841760kB,17:12:51 up 820 days,127.0.0.1,/8,192.168.112.16,/25,192.168.113.16,/25,192.168.100.80,/23,,,,,RHSA-2013:1767,ruby-devel-1.8.7.352-13.el6_3.i686,,NOT INSTALLED
sao-ar-vas11,8,Intel(R) Xeon(R) CPU E5-2643 0 @ 3.30GHz,32841760kB,17:12:51 up 820 days,127.0.0.1,/8,192.168.112.16,/25,192.168.113.16,/25,192.168.100.80,/23,,,,,RHSA-2013:1767,ruby-devel-1.8.7.352-13.el6_3.x86_64,,NOT INSTALLED
sao-ar-vas11,8,Intel(R) Xeon(R) CPU E5-2643 0 @ 3.30GHz,32841760kB,17:12:51 up 820 days,127.0.0.1,/8,192.168.112.16,/25,192.168.113.16,/25,192.168.100.80,/23,,,,,RHSA-2013:1767,ruby-docs-1.8.7.352-13.el6_3.x86_64,,NOT INSTALLED
sao-ar-vas11,8,Intel(R) Xeon(R) CPU E5-2643 0 @ 3.30GHz,32841760kB,17:12:51 up 820 days,127.0.0.1,/8,192.168.112.16,/25,192.168.113.16,/25,192.168.100.80,/23,,,,,RHSA-2013:1767,ruby-irb-1.8.7.352-13.el6_3.x86_64,,NOT INSTALLED
sao-ar-vas11,8,Intel(R) Xeon(R) CPU E5-2643 0 @ 3.30GHz,32841760kB,17:12:51 up 820 days,127.0.0.1,/8,192.168.112.16,/25,192.168.113.16,/25,192.168.100.80,/23,,,,,RHSA-2013:1767,ruby-libs-1.8.7.352-13.el6_3.i686,,NOT INSTALLED
sao-ar-vas11,8,Intel(R) Xeon(R) CPU E5-2643 0 @ 3.30GHz,32841760kB,17:12:51 up 820 days,127.0.0.1,/8,192.168.112.16,/25,192.168.113.16,/25,192.168.100.80,/23,,,,,RHSA-2013:1767,ruby-libs-1.8.7.352-13.el6_3.x86_64,,NOT INSTALLED
sao-ar-vas11,8,Intel(R) Xeon(R) CPU E5-2643 0 @ 3.30GHz,32841760kB,17:12:51 up 820 days,127.0.0.1,/8,192.168.112.16,/25,192.168.113.16,/25,192.168.100.80,/23,,,,,RHSA-2013:1767,ruby-rdoc-1.8.7.352-13.el6_3.x86_64,,NOT INSTALLED
sao-ar-vas11,8,Intel(R) Xeon(R) CPU E5-2643 0 @ 3.30GHz,32841760kB,17:12:51 up 820 days,127.0.0.1,/8,192.168.112.16,/25,192.168.113.16,/25,192.168.100.80,/23,,,,,RHSA-2013:1767,ruby-ri-1.8.7.352-13.el6_3.x86_64,,NOT INSTALLED
sao-ar-vas11,8,Intel(R) Xeon(R) CPU E5-2643 0 @ 3.30GHz,32841760kB,17:12:51 up 820 days,127.0.0.1,/8,192.168.112.16,/25,192.168.113.16,/25,192.168.100.80,/23,,,,,RHSA-2013:1767,ruby-static-1.8.7.352-13.el6_3.x86_64,,NOT INSTALLED
sao-ar-vas11,8,Intel(R) Xeon(R) CPU E5-2643 0 @ 3.30GHz,32841760kB,17:12:51 up 820 days,127.0.0.1,/8,192.168.112.16,/25,192.168.113.16,/25,192.168.100.80,/23,,,,,RHSA-2013:1767,ruby-tcltk-1.8.7.352-13.el6_3.x86_64,,NOT INSTALLED
sao-ar-vas11,8,Intel(R) Xeon(R) CPU E5-2643 0 @ 3.30GHz,32841760kB,17:12:52 up 820 days,127.0.0.1,/8,192.168.112.16,/25,192.168.113.16,/25,192.168.100.80,/23,,,,,RHSA-2013:1824,php-5.3.3-14.el6_3.3.x86_64,,NOT INSTALLED
sao-ar-vas11,8,Intel(R) Xeon(R) CPU E5-2643 0 @ 3.30GHz,32841760kB,17:12:52 up 820 days,127.0.0.1,/8,192.168.112.16,/25,192.168.113.16,/25,192.168.100.80,/23,,,,,RHSA-2013:1824,php-bcmath-5.3.3-14.el6_3.3.x86_64,,NOT INSTALLED
sao-ar-vas11,8,Intel(R) Xeon(R) CPU E5-2643 0 @ 3.30GHz,32841760kB,17:12:52 up 820 days,127.0.0.1,/8,192.168.112.16,/25,192.168.113.16,/25,192.168.100.80,/23,,,,,RHSA-2013:1824,php-cli-5.3.3-14.el6_3.3.x86_64,,NOT INSTALLED
sao-ar-vas11,8,Intel(R) Xeon(R) CPU E5-2643 0 @ 3.30GHz,32841760kB,17:12:52 up 820 days,127.0.0.1,/8,192.168.112.16,/25,192.168.113.16,/25,192.168.100.80,/23,,,,,RHSA-2013:1824,php-common-5.3.3-14.el6_3.3.x86_64,,NOT INSTALLED
sao-ar-vas11,8,Intel(R) Xeon(R) CPU E5-2643 0 @ 3.30GHz,32841760kB,17:12:52 up 820 days,127.0.0.1,/8,192.168.112.16,/25,192.168.113.16,/25,192.168.100.80,/23,,,,,RHSA-2013:1824,php-dba-5.3.3-14.el6_3.3.x86_64,,NOT INSTALLED
sao-ar-vas11,8,Intel(R) Xeon(R) CPU E5-2643 0 @ 3.30GHz,32841760kB,17:12:52 up 820 days,127.0.0.1,/8,192.168.112.16,/25,192.168.113.16,/25,192.168.100.80,/23,,,,,RHSA-2013:1824,php-debuginfo-5.3.3-14.el6_3.3.x86_64,,NOT INSTALLED
sao-ar-vas11,8,Intel(R) Xeon(R) CPU E5-2643 0 @ 3.30GHz,32841760kB,17:12:52 up 820 days,127.0.0.1,/8,192.168.112.16,/25,192.168.113.16,/25,192.168.100.80,/23,,,,,RHSA-2013:1824,php-debuginfo-5.3.3-14.el6_3.3.x86_64,,NOT INSTALLED
sao-ar-vas11,8,Intel(R) Xeon(R) CPU E5-2643 0 @ 3.30GHz,32841760kB,17:12:52 up 820 days,127.0.0.1,/8,192.168.112.16,/25,192.168.113.16,/25,192.168.100.80,/23,,,,,RHSA-2013:1824,php-devel-5.3.3-14.el6_3.3.x86_64,,NOT INSTALLED
sao-ar-vas11,8,Intel(R) Xeon(R) CPU E5-2643 0 @ 3.30GHz,32841760kB,17:12:52 up 820 days,127.0.0.1,/8,192.168.112.16,/25,192.168.113.16,/25,192.168.100.80,/23,,,,,RHSA-2013:1824,php-embedded-5.3.3-14.el6_3.3.x86_64,,NOT INSTALLED
sao-ar-vas11,8,Intel(R) Xeon(R) CPU E5-2643 0 @ 3.30GHz,32841760kB,17:12:53 up 820 days,127.0.0.1,/8,192.168.112.16,/25,192.168.113.16,/25,192.168.100.80,/23,,,,,RHSA-2013:1824,php-enchant-5.3.3-14.el6_3.3.x86_64,,NOT INSTALLED
sao-ar-vas11,8,Intel(R) Xeon(R) CPU E5-2643 0 @ 3.30GHz,32841760kB,17:12:53 up 820 days,127.0.0.1,/8,192.168.112.16,/25,192.168.113.16,/25,192.168.100.80,/23,,,,,RHSA-2013:1824,php-gd-5.3.3-14.el6_3.3.x86_64,,NOT INSTALLED
sao-ar-vas11,8,Intel(R) Xeon(R) CPU E5-2643 0 @ 3.30GHz,32841760kB,17:12:53 up 820 days,127.0.0.1,/8,192.168.112.16,/25,192.168.113.16,/25,192.168.100.80,/23,,,,,RHSA-2013:1824,php-imap-5.3.3-14.el6_3.3.x86_64,,NOT INSTALLED
sao-ar-vas11,8,Intel(R) Xeon(R) CPU E5-2643 0 @ 3.30GHz,32841760kB,17:12:53 up 820 days,127.0.0.1,/8,192.168.112.16,/25,192.168.113.16,/25,192.168.100.80,/23,,,,,RHSA-2013:1824,php-intl-5.3.3-14.el6_3.3.x86_64,,NOT INSTALLED
sao-ar-vas11,8,Intel(R) Xeon(R) CPU E5-2643 0 @ 3.30GHz,32841760kB,17:12:53 up 820 days,127.0.0.1,/8,192.168.112.16,/25,192.168.113.16,/25,192.168.100.80,/23,,,,,RHSA-2013:1824,php-ldap-5.3.3-14.el6_3.3.x86_64,,NOT INSTALLED
sao-ar-vas11,8,Intel(R) Xeon(R) CPU E5-2643 0 @ 3.30GHz,32841760kB,17:12:53 up 820 days,127.0.0.1,/8,192.168.112.16,/25,192.168.113.16,/25,192.168.100.80,/23,,,,,RHSA-2013:1824,php-mbstring-5.3.3-14.el6_3.3.x86_64,,NOT INSTALLED
sao-ar-vas11,8,Intel(R) Xeon(R) CPU E5-2643 0 @ 3.30GHz,32841760kB,17:12:53 up 820 days,127.0.0.1,/8,192.168.112.16,/25,192.168.113.16,/25,192.168.100.80,/23,,,,,RHSA-2013:1824,php-mysql-5.3.3-14.el6_3.3.x86_64,,NOT INSTALLED
sao-ar-vas11,8,Intel(R) Xeon(R) CPU E5-2643 0 @ 3.30GHz,32841760kB,17:12:53 up 820 days,127.0.0.1,/8,192.168.112.16,/25,192.168.113.16,/25,192.168.100.80,/23,,,,,RHSA-2013:1824,php-odbc-5.3.3-14.el6_3.3.x86_64,,NOT INSTALLED
sao-ar-vas11,8,Intel(R) Xeon(R) CPU E5-2643 0 @ 3.30GHz,32841760kB,17:12:53 up 820 days,127.0.0.1,/8,192.168.112.16,/25,192.168.113.16,/25,192.168.100.80,/23,,,,,RHSA-2013:1824,php-pdo-5.3.3-14.el6_3.3.x86_64,,NOT INSTALLED
sao-ar-vas11,8,Intel(R) Xeon(R) CPU E5-2643 0 @ 3.30GHz,32841760kB,17:12:53 up 820 days,127.0.0.1,/8,192.168.112.16,/25,192.168.113.16,/25,192.168.100.80,/23,,,,,RHSA-2013:1824,php-pgsql-5.3.3-14.el6_3.3.x86_64,,NOT INSTALLED
sao-ar-vas11,8,Intel(R) Xeon(R) CPU E5-2643 0 @ 3.30GHz,32841760kB,17:12:54 up 820 days,127.0.0.1,/8,192.168.112.16,/25,192.168.113.16,/25,192.168.100.80,/23,,,,,RHSA-2013:1824,php-process-5.3.3-14.el6_3.3.x86_64,,NOT INSTALLED
sao-ar-vas11,8,Intel(R) Xeon(R) CPU E5-2643 0 @ 3.30GHz,32841760kB,17:12:54 up 820 days,127.0.0.1,/8,192.168.112.16,/25,192.168.113.16,/25,192.168.100.80,/23,,,,,RHSA-2013:1824,php-pspell-5.3.3-14.el6_3.3.x86_64,,NOT INSTALLED
sao-ar-vas11,8,Intel(R) Xeon(R) CPU E5-2643 0 @ 3.30GHz,32841760kB,17:12:54 up 820 days,127.0.0.1,/8,192.168.112.16,/25,192.168.113.16,/25,192.168.100.80,/23,,,,,RHSA-2013:1824,php-recode-5.3.3-14.el6_3.3.x86_64,,NOT INSTALLED
sao-ar-vas11,8,Intel(R) Xeon(R) CPU E5-2643 0 @ 3.30GHz,32841760kB,17:12:54 up 820 days,127.0.0.1,/8,192.168.112.16,/25,192.168.113.16,/25,192.168.100.80,/23,,,,,RHSA-2013:1824,php-snmp-5.3.3-14.el6_3.3.x86_64,,NOT INSTALLED
sao-ar-vas11,8,Intel(R) Xeon(R) CPU E5-2643 0 @ 3.30GHz,32841760kB,17:12:54 up 820 days,127.0.0.1,/8,192.168.112.16,/25,192.168.113.16,/25,192.168.100.80,/23,,,,,RHSA-2013:1824,php-soap-5.3.3-14.el6_3.3.x86_64,,NOT INSTALLED
sao-ar-vas11,8,Intel(R) Xeon(R) CPU E5-2643 0 @ 3.30GHz,32841760kB,17:12:54 up 820 days,127.0.0.1,/8,192.168.112.16,/25,192.168.113.16,/25,192.168.100.80,/23,,,,,RHSA-2013:1824,php-tidy-5.3.3-14.el6_3.3.x86_64,,NOT INSTALLED
sao-ar-vas11,8,Intel(R) Xeon(R) CPU E5-2643 0 @ 3.30GHz,32841760kB,17:12:54 up 820 days,127.0.0.1,/8,192.168.112.16,/25,192.168.113.16,/25,192.168.100.80,/23,,,,,RHSA-2013:1824,php-xml-5.3.3-14.el6_3.3.x86_64,,NOT INSTALLED
sao-ar-vas11,8,Intel(R) Xeon(R) CPU E5-2643 0 @ 3.30GHz,32841760kB,17:12:54 up 820 days,127.0.0.1,/8,192.168.112.16,/25,192.168.113.16,/25,192.168.100.80,/23,,,,,RHSA-2013:1824,php-xmlrpc-5.3.3-14.el6_3.3.x86_64,,NOT INSTALLED
sao-ar-vas11,8,Intel(R) Xeon(R) CPU E5-2643 0 @ 3.30GHz,32841760kB,17:12:54 up 820 days,127.0.0.1,/8,192.168.112.16,/25,192.168.113.16,/25,192.168.100.80,/23,,,,,RHSA-2013:1824,php-zts-5.3.3-14.el6_3.3.x86_64,,NOT INSTALLED
